Name,Idx,Lvl,Speed,AC,Attacks,Dam,Body,Str,Int,Wis,Dex,Con,Chr,Life,Disarm,Device,Save,Stealth,Search,Perception,Melee,Bows
"Filthy street urchin",1,0,0,0,1,0,Standard,-3,0,-3,0,-3,-7,60,="17+5",="22+7",="34+9",4,17,17,="43+13",="15+11"
"Scrawny cat",2,0,0,0,1,2,Scrawny,-8,-2,-2,0,-2,-3,48,="13+5",="23+7",="33+9",6,10,8,="48+13",="15+11"
"Wild rabbit",5,0,0,0,1,2,Scrawny,-8,0,-3,0,-8,-7,43,="17+5",="22+7",="34+9",4,17,17,="43+13",="15+11"
"Woodsman",6,0,0,0,2,6,Standard,-1,-1,-1,-1,-1,-3,66,="15+5",="18+7",="28+9",1,12,12,="48+13",="20+11"
"Scruffy little dog",7,0,0,0,1,2,Scrawny,2,1,-1,3,1,1,55,="45+15",="37+12",="36+10",5,32,34,="60+21",="66+18"
"Farmer Maggot",8,0,0,0,1,3,Standard,2,-1,-1,5,4,2,105,="40+12",="30+7",="41+10",6,26,17,="60+30",="75+30"
"Blubbering idiot",9,0,0,0,0,0,Standard,-3,-8,-3,-3,-3,-8,48,="12+5",="15+7",="26+9",3,12,9,="43+13",="15+11"
"Hobo",10,0,0,0,0,0,Standard,-3,-3,-3,-3,-3,-18,48,="12+5",="15+7",="26+9",3,12,9,="43+13",="15+11"
"Raving lunatic",11,0,10,0,0,0,Standard,-3,-13,-3,-3,-3,-8,48,="12+5",="15+7",="26+9",3,12,9,="43+13",="15+11"
"Pitiful looking beggar",12,0,0,0,0,0,Standard,0,-1,-3,1,-1,-4,55,="42+15",="34+12",="34+10",7,32,31,="55+21",="61+18"
"Mangy looking leper",13,0,0,0,1,0,Standard,-3,-13,-3,-3,-8,-8,40,="12+5",="15+7",="26+9",3,12,9,="43+13",="15+11"
"Agent of black market",14,0,0,0,2,3,Standard,0,1,-1,3,0,0,71,="45+15",="37+12",="36+10",5,32,34,="60+21",="66+18"
"Singing, happy drunk",15,0,0,0,0,0,Standard,-1,-1,-1,-1,-1,-3,61,="15+5",="18+7",="28+9",1,12,12,="48+13",="20+11"
"Aimless looking merchant",16,0,0,0,1,3,Standard,-1,-1,-1,-1,-1,-3,61,="15+5",="18+7",="28+9",1,12,12,="48+13",="20+11"
"Mean looking mercenary",17,0,0,0,1,5,Standard,2,-2,-2,2,1,0,86,="25+12",="18+7",="31+10",1,14,12,="70+30",="55+30"
"Battle scarred veteran",18,0,0,0,1,7,Standard,3,-2,-2,2,1,0,86,="25+12",="18+7",="31+10",1,14,12,="70+30",="55+30"
"Lion Heart",19,0,1,0,1,2,Standard,-1,-1,-1,-1,-1,-3,71,="15+5",="18+7",="28+9",1,12,12,="48+13",="20+11"
"Grey mold",20,1,0,1,2,6,Mold,-3,-3,-3,-3,-3,-8,40,="12+5",="15+7",="26+9",3,12,9,="43+13",="15+11"
"Large white snake",21,1,-10,0,2,4,Snake,0,-1,-3,1,-1,-4,46,="42+15",="34+12",="34+10",7,32,31,="55+21",="61+18"
"Blinking dot",22,1,0,1,1,3,Mold,-3,-3,-3,-3,-3,-8,40,="12+5",="15+7",="26+9",3,12,9,="43+13",="15+11"
"Newt",23,1,0,0,2,8,Scrawny,-3,-3,-3,-3,-3,-8,40,="12+5",="15+7",="26+9",3,12,9,="43+13",="15+11"
"White icky thing",25,1,0,0,1,3,Icky,2,-4,-4,0,0,-4,48,="22+12",="15+7",="29+10",3,14,9,="65+30",="50+30"
"Clear icky thing",26,2,0,0,1,3,Icky,2,-4,-4,0,0,-4,48,="22+12",="15+7",="29+10",3,14,9,="65+30",="50+30"
"Giant white mouse",27,1,0,0,1,3,Scrawny,2,-4,-4,0,0,-4,48,="22+12",="15+7",="29+10",3,14,9,="65+30",="50+30"
"Large brown snake",28,1,-10,0,2,9,Snake,0,-1,-3,1,-1,-4,51,="42+15",="34+12",="34+10",7,32,31,="55+21",="61+18"
"Small kobold",29,1,0,0,1,5,Standard,0,-2,-1,0,-1,-5,65,="13+5",="15+7",="27+9",0,13,10,="58+13",="12+11"
"Kobold",30,3,0,0,2,8,Standard,3,-3,-2,2,1,-1,78,="23+12",="15+7",="30+10",0,15,10,="80+30",="47+30"
"Floating eye",32,1,0,0,1,0,Eye,-4,3,0,1,-2,-2,95,="30+7",="40+15",="38+11",3,16,30,="34+6",="20+7"
"Rock lizard",33,1,0,0,1,2,Scrawny,-3,-3,-3,-3,-3,-8,40,="12+5",="15+7",="26+9",3,12,9,="43+13",="15+11"
"Jackal",35,1,0,0,1,2,Scrawny,2,-4,-4,0,0,-4,48,="22+12",="15+7",="29+10",3,14,9,="65+30",="50+30"
"Soldier ant",36,1,0,0,1,3,Ant,2,-4,-4,0,0,-4,58,="22+12",="15+7",="29+10",3,14,9,="65+30",="50+30"
"Fruit bat",37,1,10,3,1,2,Bat,0,0,-3,3,-1,-4,55,="27+12",="28+10",="34+10",8,37,33,="30+12",="67+28"
"Greater Hell-Beast",39,1,5,100,3,0,Greater Hell-Beast ,-3,-3,-3,-3,-3,-8,120,="12+5",="15+7",="26+9",3,12,9,="43+13",="15+11"
"Shrieker mushroom patch",40,2,0,1,0,0,Mold,-3,-3,-3,-3,-3,-8,40,="12+5",="15+7",="26+9",3,12,9,="43+13",="15+11"
"Blubbering icky thing",41,2,0,0,2,5,Icky,2,-4,-4,0,0,-4,58,="22+12",="15+7",="29+10",3,14,9,="65+30",="50+30"
"Novice warrior",43,2,0,0,3,12,Standard,4,-2,-2,2,2,1,97,="25+12",="18+7",="31+10",1,14,12,="70+30",="55+30"
"Novice rogue",44,2,0,0,3,6,Standard,2,1,-1,3,1,1,93,="45+15",="37+12",="36+10",5,32,34,="60+21",="66+18"
"Novice priest",45,2,0,0,1,5,Standard,-1,-3,3,-1,0,2,85,="25+7",="35+11",="40+12",2,16,18,="48+13",="35+11"
"Novice mage",46,2,0,0,1,4,Standard,-4,3,0,1,-2,-2,80,="30+7",="40+15",="38+11",3,16,30,="34+6",="20+7"
"Giant black ant",49,2,0,0,1,4,Ant,2,-4,-4,0,0,-4,63,="22+12",="15+7",="29+10",3,14,9,="65+30",="50+30"
"Salamander",50,2,0,0,1,4,Scrawny,-3,0,-3,0,-3,-7,43,="17+5",="22+7",="34+9",4,17,17,="43+13",="15+11"
"White harpy",51,2,0,17,3,4,Harpy,-3,0,0,2,1,-2,43,="30+5",="30+7",="38+9",6,24,17,="38+13",="40+11"
"Blue yeek",52,2,0,0,1,5,Standard,-3,0,-3,0,-3,-7,87,="17+5",="22+7",="34+9",4,17,17,="43+13",="15+11"
"Grip, Farmer Maggot's dog",53,2,10,30,1,5,Puppy,2,-1,-1,5,4,2,73,="40+12",="30+7",="41+10",6,26,17,="60+30",="75+30"
"Wolf, Farmer Maggot's dog",54,2,10,30,1,5,Puppy,2,-1,-1,5,4,2,73,="40+12",="30+7",="41+10",6,26,17,="60+30",="75+30"
"Fang, Farmer Maggot's dog",55,2,10,30,1,5,Puppy,2,-1,-1,5,4,2,73,="40+12",="30+7",="41+10",6,26,17,="60+30",="75+30"
"Giant green frog",56,2,0,0,1,4,Puppy,-3,-3,-3,-3,-3,-8,64,="12+5",="15+7",="26+9",3,12,9,="43+13",="15+11"
"Large yellow snake",59,2,-10,0,2,10,Snake,0,-1,-3,1,-1,-4,51,="42+15",="34+12",="34+10",7,32,31,="55+21",="61+18"
"Cave spider",60,2,10,16,1,3,Spider,0,2,-3,4,-1,-3,101,="47+15",="41+12",="42+10",8,37,39,="55+21",="61+18"
"Crow",61,2,10,0,2,6,Bird,-3,-3,-3,-3,-3,-8,80,="12+5",="15+7",="26+9",3,12,9,="43+13",="15+11"
"Wild cat",62,2,10,0,2,6,Scrawny,2,1,-1,3,1,1,66,="45+15",="37+12",="36+10",5,32,34,="60+21",="66+18"
"Smeagol",63,3,20,0,1,0,Standard,0,2,0,6,3,2,101,="60+15",="49+12",="46+10",10,44,39,="50+21",="86+18"
"Raven",68,3,10,0,2,8,Bird,-3,-3,-3,-3,-3,-8,80,="12+5",="15+7",="26+9",3,12,9,="43+13",="15+11"
"Black naga",71,3,0,0,1,7,Naga,2,-1,-4,3,0,-3,105,="27+12",="22+7",="37+10",4,19,17,="65+30",="50+30"
"Scruffy looking hobbit",74,3,0,0,2,4,Standard,-3,0,0,2,1,-2,87,="30+5",="30+7",="38+9",6,24,17,="38+13",="40+11"
"Giant white ant",75,3,0,0,1,4,Ant,2,-4,-4,0,0,-4,67,="22+12",="15+7",="29+10",3,14,9,="65+30",="50+30"
"Radiation eye",80,3,0,0,1,5,Eye,-4,3,0,1,-2,-2,95,="30+7",="40+15",="38+11",3,16,30,="34+6",="20+7"
"Cave lizard",82,4,0,0,1,5,Scrawny,-3,-3,-3,-3,-3,-8,56,="12+5",="15+7",="26+9",3,12,9,="43+13",="15+11"
"Novice ranger",83,4,0,0,2,8,Standard,2,0,2,1,1,0,90,="30+8",="37+11",="36+10",3,24,26,="56+18",="72+28"
"Snotling",87,4,0,0,1,5,Standard,-3,-3,-3,-3,-3,-8,80,="12+5",="15+7",="26+9",3,12,9,="43+13",="15+11"
"Large grey snake",90,4,-10,0,2,9,Snake,0,-1,-3,1,-1,-4,55,="42+15",="34+12",="34+10",7,32,31,="55+21",="61+18"
"Ewok",92,5,0,0,2,10,Standard,-3,0,0,2,1,-2,87,="30+5",="30+7",="38+9",6,24,17,="38+13",="40+11"
"Novice mage",93,5,0,0,1,4,Standard,-4,3,0,1,-2,-2,80,="30+7",="40+15",="38+11",3,16,30,="34+6",="20+7"
"Green naga",94,5,0,0,2,16,Naga,2,-1,-4,3,0,-3,105,="27+12",="22+7",="37+10",4,19,17,="65+30",="50+30"
"Novice paladin",97,4,0,0,2,10,Standard,3,-3,1,0,2,2,94,="20+7",="24+10",="34+11",1,12,12,="68+21",="40+18"
"Large kobold",102,5,0,0,1,7,Standard,5,-3,-2,3,2,-1,106,="23+12",="15+7",="30+10",0,15,10,="80+30",="47+30"
"Grey icky thing",103,5,0,0,1,4,Icky,2,-4,-4,0,0,-4,48,="22+12",="15+7",="29+10",3,14,9,="65+30",="50+30"
"Disenchanter eye",104,5,-10,0,1,0,Eye,-4,3,0,1,-2,-2,95,="30+7",="40+15",="38+11",3,16,30,="34+6",="20+7"
"Copperhead snake",106,5,0,0,1,7,Snake,2,1,-1,3,1,1,66,="45+15",="37+12",="36+10",5,32,34,="60+21",="66+18"
"Novice priest",109,6,0,0,1,5,Standard,-1,-3,3,-1,0,2,85,="25+7",="35+11",="40+12",2,16,18,="48+13",="35+11"
"Novice warrior",110,6,0,0,3,12,Standard,4,-2,-2,2,2,1,97,="25+12",="18+7",="31+10",1,14,12,="70+30",="55+30"
"Nibelung",111,6,0,0,2,4,Standard,3,0,1,3,3,-1,113,="48+15",="42+12",="42+10",6,37,34,="69+21",="66+18"
"Disembodied hand that strangled people",112,6,20,0,1,5,Disembodied Hand,5,-1,-2,4,3,3,113,="43+15",="27+12",="38+10",4,33,31,="72+21",="76+18"
"Giant brown bat",114,6,20,15,1,2,Bat,2,-1,-1,2,1,0,60,="25+12",="24+10",="28+10",5,32,28,="35+12",="72+28"
"Rat-thing",115,6,10,20,2,10,Scrawny,0,2,-3,4,-1,-3,101,="47+15",="41+12",="42+10",8,37,39,="55+21",="61+18"
"Novice archer",116,6,10,0,2,6,Standard,2,-1,-1,2,1,0,94,="38+12",="24+10",="35+10",4,24,26,="56+18",="82+36"
"Snaga",118,6,0,0,1,5,Standard,2,-4,-4,0,0,-4,97,="22+12",="15+7",="29+10",3,14,9,="65+30",="50+30"
"Rattlesnake",119,6,0,0,1,7,Snake,2,1,-1,3,1,1,66,="45+15",="37+12",="36+10",5,32,34,="60+21",="66+18"
"Giant slug",120,6,-10,25,2,14,Scrawny,-1,-1,-1,-1,-1,-3,95,="15+5",="18+7",="28+9",1,12,12,="48+13",="20+11"
"Giant pink frog",121,7,0,0,1,6,Scrawny,-3,-3,-3,-3,-3,-8,40,="12+5",="15+7",="26+9",3,12,9,="43+13",="15+11"
"Dark elf",122,7,0,0,2,8,Standard,-5,6,2,3,-4,1,92,="35+7",="50+15",="50+11",6,24,32,="29+6",="30+7"
"Cave orc",126,7,0,0,1,5,Standard,4,-2,-2,2,2,1,115,="25+12",="18+7",="31+10",1,14,12,="70+30",="55+30"
"Wood spider",127,7,10,16,2,5,Spider,0,2,-3,4,-1,-3,101,="47+15",="41+12",="42+10",8,37,39,="55+21",="61+18"
"Bloodshot eye",129,7,0,0,1,8,Eye,-4,3,0,1,-2,-2,95,="30+7",="40+15",="38+11",3,16,30,="34+6",="20+7"
"Red naga",130,7,0,0,2,10,Naga,2,-1,-4,3,0,-3,105,="27+12",="22+7",="37+10",4,19,17,="65+30",="50+30"
"Green icky thing",132,7,0,0,1,7,Icky,2,-4,-4,0,0,-4,48,="22+12",="15+7",="29+10",3,14,9,="65+30",="50+30"
"Night lizard",134,7,0,0,2,8,Scrawny,-3,0,-3,0,-3,-7,60,="17+5",="22+7",="34+9",4,17,17,="43+13",="15+11"
"Mughash the Kobold Lord",135,7,0,0,4,20,Standard,6,-3,-2,4,3,-1,117,="23+12",="15+7",="30+10",0,15,10,="80+30",="47+30"
"Wormtongue, Agent of Saruman",137,8,0,0,3,6,Standard,2,1,-1,3,1,1,110,="45+15",="37+12",="36+10",5,32,34,="60+21",="66+18"
"Robin Hood, the Outlaw",138,8,10,0,3,7,Standard,3,4,-2,6,2,2,108,="49+15",="50+12",="48+10",9,35,38,="70+21",="91+18"
"Lagduf, the Snaga",140,8,0,0,4,24,Standard,5,-3,-2,3,2,-1,112,="23+12",="15+7",="30+10",0,15,10,="80+30",="47+30"
"Brown yeek",141,8,0,0,1,4,Standard,-3,0,-3,0,-3,-7,87,="17+5",="22+7",="34+9",4,17,17,="43+13",="15+11"
"Novice ranger",142,8,0,0,2,8,Standard,2,0,2,1,1,0,90,="30+8",="37+11",="36+10",3,24,26,="56+18",="72+28"
"Giant salamander",143,8,0,0,1,12,Scrawny,-1,-1,-1,-1,-1,-3,66,="15+5",="18+7",="28+9",1,12,12,="48+13",="20+11"
"Carnivorous flying monkey",145,8,0,20,3,19,Standard,4,-2,-2,2,2,1,115,="25+12",="18+7",="31+10",1,14,12,="70+30",="55+30"
"Novice paladin",147,8,0,0,2,10,Standard,3,-3,1,0,2,2,94,="20+7",="24+10",="34+11",1,12,12,="68+21",="40+18"
"Hill orc",149,8,0,0,1,6,Standard,4,-2,-2,2,2,1,115,="25+12",="18+7",="31+10",1,14,12,="70+30",="55+30"
"Bandit",150,8,0,0,2,7,Standard,2,1,-1,3,1,1,99,="45+15",="37+12",="36+10",5,32,34,="60+21",="66+18"
"Hunting hawk of Julian",151,8,10,25,3,7,Bird,2,-4,-4,0,0,-4,97,="22+12",="15+7",="29+10",3,14,9,="65+30",="50+30"
"Yeti",154,9,0,24,3,7,Standard,5,-2,-2,-1,3,2,111,="25+12",="25+11",="35+12",0,14,12,="70+30",="20+7"
"Bloodshot icky thing",155,9,0,0,2,8,Icky,0,0,-2,-1,-2,-4,45,="27+7",="32+10",="34+10",4,18,23,="45+15",="20+11"
"Black harpy",157,9,10,22,3,6,Harpy,-3,0,0,2,1,-2,43,="30+5",="30+7",="38+9",6,24,17,="38+13",="40+11"
"Skaven",158,9,0,25,2,6,Scrawny,-1,-1,-1,-1,-1,-3,95,="15+5",="18+7",="28+9",1,12,12,="48+13",="20+11"
"The Wounded Bear",159,9,0,35,3,13,Bear,3,-4,-4,-3,1,-3,94,="22+12",="22+11",="33+12",2,14,9,="65+30",="15+7"
"Rock mole",161,9,0,30,2,12,Scrawny,2,-4,-4,0,0,-4,97,="22+12",="15+7",="29+10",3,14,9,="65+30",="50+30"
"Orc shaman",162,9,0,0,2,8,Standard,-1,-3,3,-1,0,2,100,="25+7",="35+11",="40+12",2,16,18,="48+13",="35+11"
"Baby blue dragon",163,9,0,30,3,7,Dragon,1,-1,-1,1,0,2,103,="20+7",="25+10",="32+10",2,18,26,="52+14",="63+25"
"Baby white dragon",164,9,0,30,3,7,Dragon,1,-1,-1,1,0,2,103,="20+7",="25+10",="32+10",2,18,26,="52+14",="63+25"
"Baby green dragon",165,9,0,30,3,7,Dragon,1,-1,-1,1,0,2,103,="20+7",="25+10",="32+10",2,18,26,="52+14",="63+25"
"Baby black dragon",166,9,0,30,3,7,Dragon,1,-1,-1,1,0,2,103,="20+7",="25+10",="32+10",2,18,26,="52+14",="63+25"
"Baby red dragon",167,9,0,30,3,7,Dragon,1,-1,-1,1,0,2,103,="20+7",="25+10",="32+10",2,18,26,="52+14",="63+25"
"Giant red ant",168,9,0,0,2,5,Ant,2,-4,-4,0,0,-4,72,="22+12",="15+7",="29+10",3,14,9,="65+30",="50+30"
"Brodda, the Easterling",169,9,0,0,4,28,Standard,7,-4,-2,1,5,2,121,="22+12",="13+7",="28+10",-1,13,7,="90+30",="55+30"
"Bloodfang the Wolf",170,9,10,30,2,12,Puppy,4,-2,-2,2,2,1,92,="25+12",="18+7",="31+10",1,14,12,="70+30",="55+30"
"King cobra",171,9,0,0,2,10,Snake,2,1,-1,3,1,1,66,="45+15",="37+12",="36+10",5,32,34,="60+21",="66+18"
"Eagle",172,9,10,25,3,7,Bird,4,-2,-2,2,2,1,115,="25+12",="18+7",="31+10",1,14,12,="70+30",="55+30"
"War bear",173,9,0,35,3,9,Bear,3,-1,-4,0,1,-2,102,="27+12",="29+11",="41+12",3,19,17,="65+30",="15+7"
"Giant spider",175,10,0,16,4,18,Spider,2,1,-1,3,1,1,110,="45+15",="37+12",="36+10",5,32,34,="60+21",="66+18"
"Giant white tick",176,10,-10,40,1,7,Spider,2,1,-1,3,1,1,110,="45+15",="37+12",="36+10",5,32,34,="60+21",="66+18"
"The Borshin",177,10,0,0,3,30,Standard,6,-4,-3,1,4,2,117,="20+12",="16+7",="30+10",0,13,7,="82+30",="60+30"
"Dark elven mage",178,10,10,0,2,6,Standard,-5,6,2,3,-4,1,92,="35+7",="50+15",="50+11",6,24,32,="29+6",="30+7"
"Orfax, Son of Boldor",180,10,10,0,2,9,Standard,-6,4,-2,2,-4,-6,87,="32+7",="44+15",="44+11",6,21,35,="29+6",="15+7"
"Dark elven warrior",182,10,0,0,2,8,Standard,1,5,2,3,-2,4,102,="35+7",="45+10",="48+10",5,26,28,="45+15",="35+11"
"Grishnakh, the Hill Orc",186,10,0,0,4,22,Standard,5,-3,-2,3,2,-1,112,="23+12",="15+7",="30+10",0,15,10,="80+30",="47+30"
"Owlbear",188,10,0,20,3,9,Bear,4,-2,-2,2,2,1,115,="25+12",="18+7",="31+10",1,14,12,="70+30",="55+30"
"Grizzly bear",191,10,0,35,3,11,Bear,5,-2,-2,-1,3,2,111,="25+12",="25+11",="35+12",0,14,12,="70+30",="20+7"
"Pseudo dragon",193,10,0,30,3,7,Dragon,1,-1,-1,1,0,2,103,="20+7",="25+10",="32+10",2,18,26,="52+14",="63+25"
"Wolf",196,10,10,30,1,4,Puppy,4,-2,-2,2,2,1,92,="25+12",="18+7",="31+10",1,14,12,="70+30",="55+30"
"Panther",198,10,10,30,2,8,Hound,2,1,-1,3,1,1,110,="45+15",="37+12",="36+10",5,32,34,="60+21",="66+18"
"Tax collector",199,10,0,0,2,0,Standard,2,1,-1,3,1,1,99,="45+15",="37+12",="36+10",5,32,34,="60+21",="66+18"
"Hobbes the Tiger",200,10,10,30,3,14,Hound,2,0,-2,4,3,1,112,="43+15",="42+12",="41+10",10,30,30,="60+21",="61+18"
"Baby multi-hued dragon",204,11,0,30,3,7,Dragon,1,-1,-1,1,0,2,103,="20+7",="25+10",="32+10",2,18,26,="52+14",="63+25"
"Vorpal bunny",205,11,10,40,2,13,Scrawny,0,-1,-3,1,-1,-4,93,="42+15",="34+12",="34+10",7,32,31,="55+21",="61+18"
"Old Man Willow",206,22,0,20,3,33,Tree,6,-2,0,-1,4,1,120,="20+12",="20+7",="36+10",0,14,11,="85+30",="50+30"
"Hippocampus",207,11,0,14,2,12,Horse,4,-2,-2,2,2,1,115,="25+12",="18+7",="31+10",1,14,12,="70+30",="55+30"
"Hippogriff",209,15,5,60,3,18,Hound,4,-2,-2,2,2,1,115,="25+12",="18+7",="31+10",1,14,12,="70+30",="55+30"
"Black mamba",210,12,10,32,1,10,Snake,2,1,-1,3,1,1,66,="45+15",="37+12",="36+10",5,32,34,="60+21",="66+18"
"White wolf",211,12,10,30,2,4,Puppy,4,-2,-2,2,2,1,92,="25+12",="18+7",="31+10",1,14,12,="70+30",="55+30"
"Golfimbul, the Hill Orc Chief",215,12,0,0,4,22,Standard,5,-3,-2,3,2,-1,112,="23+12",="15+7",="30+10",0,15,10,="80+30",="47+30"
"Swordsman",216,12,0,0,2,20,Standard,7,-4,-3,3,4,3,106,="23+12",="8+7",="33+10",0,15,9,="82+30",="65+30"
"Skaven shaman",217,9,0,15,2,8,Scrawny,-3,-5,1,-3,-2,-3,85,="22+7",="32+11",="38+12",4,16,15,="43+13",="30+11"
"Gazer",218,12,0,18,3,5,Eye,-5,5,-1,3,-1,-3,90,="40+7",="48+15",="45+11",6,22,33,="26+6",="32+7"
"Knight archer",219,12,0,0,2,14,Standard,2,-1,-1,2,1,0,111,="38+12",="24+10",="35+10",4,24,26,="56+18",="82+36"
"Moon beast",223,12,10,30,3,7,Scrawny,-4,3,0,1,-2,-2,95,="30+7",="40+15",="38+11",3,16,30,="34+6",="20+7"
"Master yeek",224,12,0,0,1,4,Standard,-3,-2,1,0,-2,-2,92,="27+7",="39+11",="46+12",5,21,23,="43+13",="30+11"
"Priest",225,12,0,0,2,8,Standard,0,-1,5,1,3,2,100,="29+7",="40+11",="43+12",4,19,21,="63+13",="45+11"
"Dark elven priest",226,12,5,0,2,10,Standard,-2,0,5,1,-2,5,97,="30+7",="45+11",="52+12",5,24,20,="43+13",="45+11"
"Tiger",230,12,10,40,3,11,Hound,2,1,-1,3,1,1,110,="45+15",="37+12",="36+10",5,32,34,="60+21",="66+18"
"Drider",234,13,0,30,3,15,Drider,1,4,1,5,-1,4,106,="50+15",="47+12",="48+10",8,40,36,="55+21",="76+18"
"Mongbat",235,13,3,80,3,8,Bat,2,-1,-1,2,1,0,80,="25+12",="24+10",="28+10",5,32,28,="35+12",="72+28"
"Killer brown beetle",236,13,0,40,1,7,Beetle,4,-2,-2,2,2,1,115,="25+12",="18+7",="31+10",1,14,12,="70+30",="55+30"
"Boldor, King of the Yeeks",237,13,10,0,3,14,Standard,-6,4,-2,2,-4,-6,87,="32+7",="44+15",="44+11",6,21,35,="29+6",="15+7"
"Ogre",238,13,0,0,1,9,Standard,7,-4,-2,1,5,2,121,="22+12",="13+7",="28+10",-1,13,7,="90+30",="55+30"
"Illusionist",240,15,0,0,1,3,Standard,-3,5,2,3,1,-2,95,="34+7",="45+15",="41+11",5,19,33,="49+6",="30+7"
"Druid",241,13,0,0,2,10,Standard,-1,-3,3,-1,0,2,100,="25+7",="35+11",="40+12",2,16,18,="48+13",="35+11"
"Black orc",244,13,0,0,2,14,Standard,5,-3,-2,3,2,-1,112,="23+12",="15+7",="30+10",0,15,10,="80+30",="47+30"
"Vlasta",249,14,10,0,2,10,Scrawny,4,-2,-2,2,2,1,115,="25+12",="18+7",="31+10",1,14,12,="70+30",="55+30"
"Blue icky thing",252,14,-10,0,4,6,Icky,0,0,-2,-1,-2,-4,45,="27+7",="32+10",="34+10",4,18,23,="45+15",="20+11"
"Irish wolfhound of Flora",254,14,10,20,2,6,Puppy,4,-2,-2,2,2,1,92,="25+12",="18+7",="31+10",1,14,12,="70+30",="55+30"
"Hill giant",255,17,0,0,3,30,Standard,8,-4,-4,0,5,1,124,="19+12",="10+7",="28+10",-1,13,7,="95+30",="60+30"
"Warg",257,14,10,20,1,5,Hound,4,-2,-2,2,2,1,115,="25+12",="18+7",="31+10",1,14,12,="70+30",="55+30"
"Cheerful leprechaun",258,14,10,0,2,0,Standard,1,2,-2,6,3,3,59,="49+15",="37+10",="48+10",19,51,46,="80+25",="91+18"
"Ufthak of Cirith Ungol",260,14,0,0,4,28,Standard,5,-3,-2,3,2,-1,112,="23+12",="15+7",="30+10",0,15,10,="80+30",="47+30"
"Black ogre",262,15,0,0,2,18,Standard,7,-4,-2,1,5,2,121,="22+12",="13+7",="28+10",-1,13,7,="90+30",="55+30"
"Dweller on the threshold",263,15,0,30,3,0,Standard,1,-1,-1,1,0,2,103,="20+7",="25+10",="32+10",2,18,26,="52+14",="63+25"
"Half-orc",264,15,0,0,2,14,Standard,5,-3,-2,3,2,-1,112,="23+12",="15+7",="30+10",0,15,10,="80+30",="47+30"
"Dark naga",265,15,0,0,2,10,Naga,-6,4,-2,2,-4,-6,87,="32+7",="44+15",="44+11",6,21,35,="29+6",="15+7"
"Guardian naga",269,15,0,0,3,17,Naga,4,-2,-2,2,2,1,115,="25+12",="18+7",="31+10",1,14,12,="70+30",="55+30"
"Wererat",270,15,0,10,3,15,Scrawny,-3,-2,1,0,-2,-2,92,="27+7",="39+11",="46+12",5,21,23,="43+13",="30+11"
"Light hound",271,15,0,30,1,3,Hound,2,0,-2,4,3,1,112,="43+15",="42+12",="41+10",10,30,30,="60+21",="61+18"
"Shadow hound",272,15,0,30,1,3,Hound,2,0,-2,4,3,1,112,="43+15",="42+12",="41+10",10,30,30,="60+21",="61+18"
"Giant tarantula",275,15,10,32,3,9,Spider,0,2,0,6,3,2,101,="60+15",="49+12",="46+10",10,44,39,="50+21",="86+18"
"Mirkwood spider",277,15,10,25,3,10,Spider,0,2,0,6,3,2,101,="60+15",="49+12",="46+10",10,44,39,="50+21",="86+18"
"Frost giant",278,20,0,0,3,48,Standard,9,-4,-4,-3,6,2,119,="19+12",="17+11",="32+12",-2,13,7,="95+30",="25+7"
"Griffon",279,15,5,50,3,12,Hound,5,-2,-2,-1,3,2,111,="25+12",="25+11",="35+12",0,14,12,="70+30",="20+7"
"Gnome mage",281,15,0,0,1,3,Standard,-5,5,-1,3,-1,-3,90,="40+7",="48+15",="45+11",6,22,33,="26+6",="32+7"
"Clear hound",282,15,0,30,3,9,Hound,2,0,-2,4,3,1,112,="43+15",="42+12",="41+10",10,30,30,="60+21",="61+18"
"Umber hulk",283,16,0,50,4,13,Umber Hulk,5,-3,-2,3,2,-1,112,="23+12",="15+7",="30+10",0,15,10,="80+30",="47+30"
"Rust monster",284,16,0,55,4,20,Horse,4,-2,-2,2,2,1,115,="25+12",="18+7",="31+10",1,14,12,="70+30",="55+30"
"Orc captain",285,16,0,0,3,21,Standard,5,-3,-2,3,2,-1,112,="23+12",="15+7",="30+10",0,15,10,="80+30",="47+30"
"Fire giant",288,21,0,0,3,57,Standard,9,-4,-4,-3,6,2,119,="19+12",="17+11",="32+12",-2,13,7,="95+30",="25+7"
"Lizardman",290,16,0,0,2,20,Standard,1,-2,-2,0,1,-2,99,="25+5",="23+7",="31+9",1,11,12,="53+13",="25+11"
"Ulfast, Son of Ulfang",291,16,0,0,4,36,Standard,5,0,0,4,5,1,115,="29+12",="23+7",="34+10",3,17,15,="85+30",="65+30"
"Berserker",293,16,3,0,3,30,Standard,9,-18,-18,6,7,4,150,="-96+0",="-995+0",="-197+0",-98,-97,-87,="135+50",="-1990+0"
"Sphinx",295,17,0,80,2,14,Hound,2,1,-1,3,1,1,110,="45+15",="37+12",="36+10",5,32,34,="60+21",="66+18"
"Forest troll",297,17,0,50,3,7,Standard,8,-6,-3,-1,5,-1,123,="20+12",="10+7",="26+10",-1,13,7,="90+30",="45+30"
"2-headed hydra",301,17,0,60,2,14,Hydra1,5,-2,-2,-1,3,2,111,="25+12",="25+11",="35+12",0,14,12,="70+30",="20+7"
"Giant red scorpion",304,17,0,44,2,9,Scorpion,2,-1,-1,5,4,2,105,="40+12",="30+7",="41+10",6,26,17,="60+30",="75+30"
"Fire hound",307,18,0,30,3,12,Hound,2,0,-2,4,3,1,112,="43+15",="42+12",="41+10",10,30,30,="60+21",="61+18"
"Cold hound",308,18,0,30,3,11,Hound,2,0,-2,4,3,1,112,="43+15",="42+12",="41+10",10,30,30,="60+21",="61+18"
"Energy hound",309,18,0,30,3,12,Hound,2,0,-2,4,3,1,112,="43+15",="42+12",="41+10",10,30,30,="60+21",="61+18"
"Blink dog",312,18,10,20,1,4,Hound,2,1,-1,3,1,1,110,="45+15",="37+12",="36+10",5,32,34,="60+21",="66+18"
"Uruk",313,18,0,0,2,18,Standard,5,-3,-2,3,2,-1,112,="23+12",="15+7",="30+10",0,15,10,="80+30",="47+30"
"Shagrat, the Orc Captain",314,18,0,0,4,44,Standard,5,-3,-2,3,2,-1,112,="23+12",="15+7",="30+10",0,15,10,="80+30",="47+30"
"Gorbag, the Orc Captain",315,18,0,0,4,44,Standard,6,-3,-2,0,3,0,108,="23+12",="22+11",="34+12",-1,15,10,="80+30",="12+7"
"Chaos beastman",318,18,0,0,2,18,Standard,4,-1,-2,-1,4,2,113,="15+7",="23+11",="33+10",0,13,17,="77+20",="45+17"
"Stone giant",321,18,0,0,3,39,Standard,8,-4,-4,0,5,1,124,="19+12",="10+7",="28+10",-1,13,7,="95+30",="60+30"
"Huorn",329,19,0,45,4,40,Tree,3,-1,1,-2,2,2,108,="15+7",="27+10",="37+10",1,18,25,="67+14",="58+25"
"Bolg, Son of Azog",330,20,5,0,4,40,Standard,6,-3,-2,0,3,0,108,="23+12",="22+11",="34+12",-1,15,10,="80+30",="12+7"
"Phase spider",331,20,10,25,3,10,Spider,0,2,0,6,3,2,101,="60+15",="49+12",="46+10",10,44,39,="50+21",="86+18"
"Lizard king",332,20,10,0,3,30,Standard,6,-3,-3,3,4,2,120,="35+12",="23+7",="34+10",1,13,12,="75+30",="60+30"
"Wyvern",334,20,10,65,4,24,Dragon,1,-1,-1,1,0,2,103,="20+7",="25+10",="32+10",2,18,26,="52+14",="63+25"
"Great eagle",335,35,25,65,3,34,Giant Bird,5,-1,-1,3,3,2,92,="27+12",="21+7",="32+10",0,14,9,="80+30",="60+30"
"Earth hound",337,20,0,30,4,20,Hound,2,0,-2,4,3,1,112,="43+15",="42+12",="41+10",10,30,30,="60+21",="61+18"
"Air hound",338,20,0,30,4,20,Hound,2,0,-2,4,3,1,112,="43+15",="42+12",="41+10",10,30,30,="60+21",="61+18"
"Sabre-tooth tiger",339,20,10,50,4,20,Hound,3,3,1,5,4,1,110,="49+15",="42+12",="39+10",7,35,37,="75+21",="76+18"
"Water hound",340,20,0,30,4,30,Hound,2,0,-2,4,3,1,112,="43+15",="42+12",="41+10",10,30,30,="60+21",="61+18"
"Chimera",341,20,0,15,3,9,Dragon,4,-2,-2,2,2,1,115,="25+12",="18+7",="31+10",1,14,12,="70+30",="55+30"
"Sasquatch",343,20,10,40,3,19,Standard,5,-2,-2,-1,3,2,111,="25+12",="25+11",="35+12",0,14,12,="70+30",="20+7"
"Weir",344,20,0,30,2,6,Weir,4,-2,-2,2,2,1,115,="25+12",="18+7",="31+10",1,14,12,="70+30",="55+30"
"Dark elven lord",348,20,10,0,2,22,Standard,1,4,1,2,0,4,107,="25+7",="35+11",="46+10",4,22,24,="60+20",="50+17"
"Cloud giant",349,30,2,0,3,63,Standard,9,-4,-4,-3,6,2,119,="19+12",="17+11",="32+12",-2,13,7,="95+30",="25+7"
"Ugluk, the Uruk",350,20,0,0,4,36,Standard,6,-3,-2,0,3,0,108,="23+12",="22+11",="34+12",-1,15,10,="80+30",="12+7"
"Blue dragon bat",351,21,20,26,1,2,Bat,0,0,-3,3,-1,-4,55,="27+12",="28+10",="34+10",8,37,33,="30+12",="67+28"
"Lugdush, the Uruk",356,21,0,0,4,44,Standard,6,-3,-2,0,3,0,108,="23+12",="22+11",="34+12",-1,15,10,="80+30",="12+7"
"Serpent man",364,22,5,0,2,30,Standard,2,1,-1,3,1,1,99,="45+15",="37+12",="36+10",5,32,34,="60+21",="66+18"
"Killer stag beetle",366,22,0,55,2,12,Beetle,4,-2,-2,2,2,1,115,="25+12",="18+7",="31+10",1,14,12,="70+30",="55+30"
"Giant yellow scorpion",369,22,0,38,2,10,Scorpion,2,-1,-1,5,4,2,105,="40+12",="30+7",="41+10",6,26,17,="60+30",="75+30"
"Jade monk",370,30,10,0,4,32,Monk,3,1,3,5,5,1,110,="49+15",="39+11",="39+10",7,35,37,="79+18",="70+18"
"Hardened warrior",372,23,0,0,2,18,Standard,5,0,0,4,5,1,115,="29+12",="23+7",="34+10",3,17,15,="85+30",="65+30"
"Azog, King of the Uruk-Hai",373,23,10,0,3,45,Standard,7,-3,-2,1,4,1,108,="23+12",="22+11",="34+12",-1,15,10,="80+30",="12+7"
"Dark elven warlock",375,23,10,0,2,6,Standard,-5,6,2,3,-4,1,92,="35+7",="50+15",="50+11",6,24,32,="29+6",="30+7"
"Master rogue",376,23,10,0,3,28,Standard,3,4,-2,6,2,2,108,="49+15",="50+12",="48+10",9,35,38,="70+21",="91+18"
"Red dragon bat",377,23,20,28,1,2,Bat,0,0,-3,3,-1,-4,55,="27+12",="28+10",="34+10",8,37,33,="30+12",="67+28"
"Killer white beetle",378,23,0,55,1,12,Beetle,4,-2,-2,2,2,1,115,="25+12",="18+7",="31+10",1,14,12,="70+30",="55+30"
"Angamaite of Umbar",380,24,0,0,4,56,Standard,3,3,1,2,5,1,111,="24+7",="30+11",="37+10",3,17,25,="80+20",="50+17"
"Mime, the Nibelung",382,24,0,0,4,20,Standard,3,0,1,3,3,-1,113,="48+15",="42+12",="42+10",6,37,34,="69+21",="66+18"
"Hagen, Son of Alberich",383,24,0,0,4,36,Standard,3,0,1,3,3,-1,113,="48+15",="42+12",="42+10",6,37,34,="69+21",="66+18"
"Meneldor the Swift",384,38,30,65,3,62,Giant Bird,3,1,0,5,4,2,80,="49+15",="39+11",="39+10",7,35,37,="79+18",="70+18"
"4-headed hydra",387,24,10,70,4,28,Hydra2,5,-2,-2,-1,3,2,111,="25+12",="25+11",="35+12",0,14,12,="70+30",="20+7"
"Lesser hell-beast",388,24,5,0,3,37,Standard,-1,-1,-1,-1,-1,-3,95,="15+5",="18+7",="28+9",1,12,12,="48+13",="20+11"
"Tyrannosaurus",389,24,10,70,4,26,Reptile,7,-4,-3,3,4,3,118,="23+12",="8+7",="33+10",0,15,9,="82+30",="65+30"
"Sangahyando of Umbar",392,24,0,0,4,56,Standard,3,3,1,2,5,1,111,="24+7",="30+11",="37+10",3,17,25,="80+20",="50+17"
"It",393,24,0,0,4,36,Standard,0,3,1,4,0,-2,100,="52+15",="45+12",="36+10",11,44,39,="50+21",="61+18"
"Xiclotlan",396,25,0,60,3,34,Tree,6,-2,0,-1,4,1,120,="20+12",="20+7",="36+10",0,14,11,="85+30",="50+30"
"Disenchanter beast",399,25,0,60,4,20,Horse,3,-3,1,0,2,2,111,="20+7",="24+10",="34+11",1,12,12,="68+21",="40+18"
"Dark elven druid",400,25,10,0,3,21,Standard,-2,0,5,1,-2,5,97,="30+7",="45+11",="52+12",5,24,20,="43+13",="45+11"
"Stone troll",401,25,0,40,3,13,Standard,8,-6,-3,-1,5,-1,123,="20+12",="10+7",="26+10",-1,13,7,="90+30",="45+30"
"Troll priest",403,25,0,50,3,15,Standard,3,-7,2,-4,3,0,107,="20+7",="27+11",="35+12",0,15,13,="68+13",="25+11"
"Wereworm",404,25,0,70,4,13,Giant Worm,4,-2,-2,2,2,1,115,="25+12",="18+7",="31+10",1,14,12,="70+30",="55+30"
"Killer crimson beetle",405,25,0,50,1,10,Beetle,5,-3,-2,3,2,-1,112,="23+12",="15+7",="30+10",0,15,10,="80+30",="47+30"
"Gnoph-Keh",407,26,0,50,3,20,Horse,1,-1,-1,1,0,2,103,="20+7",="25+10",="32+10",2,18,26,="52+14",="63+25"
"Giant grey ant",408,26,0,0,1,13,Ant,2,-4,-4,0,0,-4,77,="22+12",="15+7",="29+10",3,14,9,="65+30",="50+30"
"Gwaihir the Windlord",410,40,32,65,3,117,Giant Bird,3,1,0,5,4,2,100,="49+15",="39+11",="39+10",7,35,37,="79+18",="70+18"
"Giant red tick",411,26,0,54,1,10,Spider,2,1,-1,3,1,1,110,="45+15",="37+12",="36+10",5,32,34,="60+21",="66+18"
"Displacer beast",412,26,0,100,4,24,Hound,4,-3,-3,3,4,1,117,="23+12",="23+7",="36+10",6,12,8,="70+30",="50+30"
"Ulwarth, Son of Ulfang",413,26,0,0,3,42,Standard,5,0,0,4,5,1,115,="29+12",="23+7",="34+10",3,17,15,="85+30",="65+30"
"Agent of Benedict",414,26,0,0,2,10,Standard,2,1,-1,0,2,1,111,="20+7",="25+11",="34+10",1,14,22,="65+20",="40+17"
"Cave ogre",415,26,0,0,2,26,Standard,7,-4,-2,1,5,2,121,="22+12",="13+7",="28+10",-1,13,7,="90+30",="55+30"
"Alberich the Nibelung King",419,27,10,0,4,38,Standard,3,0,1,3,3,-1,113,="48+15",="42+12",="42+10",6,37,34,="69+21",="66+18"
"Killer red beetle",421,27,0,45,2,19,Beetle,5,-3,-2,3,2,-1,112,="23+12",="15+7",="30+10",0,15,10,="80+30",="47+30"
"Algroth",424,27,0,60,3,15,Standard,8,-6,-3,-1,5,-1,123,="20+12",="10+7",="26+10",-1,13,7,="90+30",="45+30"
"Headless",427,27,0,0,2,8,Headless,2,1,-1,3,1,1,110,="45+15",="37+12",="36+10",5,32,34,="60+21",="66+18"
"Vibration hound",428,27,0,30,4,26,Hound,2,0,-2,4,3,1,112,="43+15",="42+12",="41+10",10,30,30,="60+21",="61+18"
"Nexus hound",429,27,0,30,4,30,Hound,2,0,-2,4,3,1,112,="43+15",="42+12",="41+10",10,30,30,="60+21",="61+18"
"Ogre mage",430,27,0,0,4,52,Standard,-1,1,0,0,1,-1,100,="27+7",="35+15",="35+11",1,15,25,="54+6",="20+7"
"Grendel",431,27,10,0,3,51,Standard,10,-4,-2,1,7,2,121,="22+12",="13+7",="28+10",-1,13,7,="90+30",="55+30"
"Gorgimera",433,27,0,55,4,14,Gorgimera,4,-2,-2,2,2,1,115,="25+12",="18+7",="31+10",1,14,12,="70+30",="55+30"
"Shantak",434,27,10,55,3,9,Giant Bird,2,-1,-2,3,1,2,80,="45+15",="34+11",="36+10",5,32,34,="64+18",="60+18"
"Spirit naga",436,28,0,0,4,24,Naga,0,-2,4,0,1,3,100,="27+7",="38+11",="41+12",1,16,15,="58+13",="40+11"
"5-headed hydra",440,28,10,80,4,40,Hydra3,5,-2,-2,-1,3,2,111,="25+12",="25+11",="35+12",0,14,12,="70+30",="20+7"
"Gachapin",441,29,10,90,4,0,Reptile,2,1,-1,3,1,1,110,="45+15",="37+12",="36+10",5,32,34,="60+21",="66+18"
"Black knight",442,28,10,0,3,45,Standard,4,-1,3,2,5,2,111,="24+7",="29+10",="37+11",3,15,15,="83+21",="50+18"
"Cyclops",444,28,5,0,2,80,Standard,8,-5,-4,-1,6,0,124,="21+12",="13+7",="28+10",-1,12,7,="90+30",="67+30"
"Clairvoyant",445,28,10,0,2,30,Standard,0,2,5,1,2,2,100,="34+10",="38+11",="41+10",5,25,29,="65+14",="50+18"
"Giant purple worm",446,29,0,65,3,17,Giant Worm,4,-2,-2,2,2,1,115,="25+12",="18+7",="31+10",1,14,12,="70+30",="55+30"
"Catoblepas",447,29,0,55,4,30,Horse,5,-1,-1,3,3,2,115,="27+12",="21+7",="32+10",0,14,9,="80+30",="60+30"
"Mage",449,28,0,0,3,19,Standard,-3,5,2,3,1,-2,95,="34+7",="45+15",="41+11",5,19,33,="49+6",="30+7"
"Mind flayer",450,28,0,0,2,14,Standard,-7,7,4,1,-4,-3,92,="40+7",="55+15",="47+11",5,21,32,="24+6",="15+7"
"Deep one",452,28,10,0,3,20,Standard,4,-3,-3,3,4,0,113,="22+12",="20+7",="30+10",2,13,12,="75+30",="50+30"
"Basilisk",453,28,10,90,4,39,Reptile,7,-4,-3,3,4,3,118,="23+12",="8+7",="33+10",0,15,9,="82+30",="65+30"
"Ice troll",454,28,0,56,4,19,Standard,8,-6,-3,-1,5,-1,123,="20+12",="10+7",="26+10",-1,13,7,="90+30",="45+30"
"Dhole",455,29,0,64,3,31,Dhole,4,-2,-2,2,2,1,115,="25+12",="18+7",="31+10",1,14,12,="70+30",="55+30"
"Young blue dragon",459,29,2,50,3,7,Dragon,2,0,0,2,1,3,103,="22+7",="28+10",="33+10",1,18,23,="62+14",="68+25"
"Young white dragon",460,29,2,50,3,7,Dragon,2,0,0,2,1,3,103,="22+7",="28+10",="33+10",1,18,23,="62+14",="68+25"
"Young green dragon",461,29,2,60,3,7,Dragon,2,0,0,2,1,3,103,="22+7",="28+10",="33+10",1,18,23,="62+14",="68+25"
"Young bronze dragon",462,29,2,63,3,7,Dragon,2,0,0,2,1,3,103,="22+7",="28+10",="33+10",1,18,23,="62+14",="68+25"
"Aklash",463,29,0,64,4,26,Standard,8,-6,-3,-1,5,-1,123,="20+12",="10+7",="26+10",-1,13,7,="90+30",="45+30"
"Jaws",467,30,10,80,4,76,Fish,7,-4,-3,3,4,3,118,="23+12",="8+7",="33+10",0,15,9,="82+30",="65+30"
"Thorondor",468,55,32,65,3,129,Giant Bird,3,1,0,5,4,2,80,="49+15",="39+11",="39+10",7,35,37,="79+18",="70+18"
"Giant blue ant",469,30,0,0,1,15,Ant,2,-4,-4,0,0,-4,77,="22+12",="15+7",="29+10",3,14,9,="65+30",="50+30"
"Manticore",472,30,10,15,3,30,Hound,4,-2,-2,2,2,1,115,="25+12",="18+7",="31+10",1,14,12,="70+30",="55+30"
"Giant army ant",473,30,10,40,1,13,Ant,4,-2,-2,2,2,1,115,="25+12",="18+7",="31+10",1,14,12,="70+30",="55+30"
"Killer slicer beetle",474,30,0,60,2,44,Beetle,5,0,0,4,5,1,115,="29+12",="23+7",="34+10",3,17,15,="85+30",="65+30"
"Gorgon",475,31,0,88,4,40,Hound,4,-2,-2,2,2,1,115,="25+12",="18+7",="31+10",1,14,12,="70+30",="55+30"
"Gug",476,31,0,0,4,49,Gug,8,-4,-4,0,5,1,124,="19+12",="10+7",="28+10",-1,13,7,="95+30",="60+30"
"Death watch beetle",478,31,0,60,2,29,Beetle,5,0,0,4,5,1,115,="29+12",="23+7",="34+10",3,17,15,="85+30",="65+30"
"Ogre shaman",479,32,0,0,3,30,Standard,2,-5,3,-2,3,3,106,="22+7",="30+11",="37+12",0,15,13,="68+13",="35+11"
"Shelob, Spider of Darkness",481,32,0,80,4,25,Spider,0,2,0,6,3,2,111,="60+15",="49+12",="46+10",10,44,39,="50+21",="86+18"
"Doombat",484,32,10,75,3,36,Giant Bat,3,-2,-1,3,1,-2,88,="23+12",="21+10",="27+10",4,33,26,="45+12",="64+28"
"Ninja",485,32,10,0,3,21,Standard,-2,0,0,6,4,3,82,="60+15",="36+10",="46+10",13,60,47,="60+25",="86+18"
"Storm giant",487,35,3,0,3,72,Standard,9,-4,-4,-3,6,2,119,="19+12",="17+11",="32+12",-2,13,7,="95+30",="25+7"
"Spectator",488,32,0,1,4,9,Eye2,-6,4,1,4,0,-1,87,="45+7",="52+15",="48+11",8,28,35,="24+6",="40+7"
"Biclops",490,33,5,0,2,98,Standard,8,-5,-4,-1,6,0,124,="21+12",="13+7",="28+10",-1,12,7,="90+30",="67+30"
"Half-troll",491,33,0,50,4,16,Standard,8,-6,-3,-1,5,-1,123,="20+12",="10+7",="26+10",-1,13,7,="90+30",="45+30"
"Ivory monk",492,33,10,0,4,44,Monk,3,1,3,5,5,1,110,="49+15",="39+11",="39+10",7,35,37,="79+18",="70+18"
"Bert the Stone Troll",493,33,5,70,3,30,Standard,8,-6,-3,-1,5,-1,123,="20+12",="10+7",="26+10",-1,13,7,="90+30",="45+30"
"Bill the Stone Troll",494,33,5,70,3,30,Standard,8,-6,-3,-1,5,-1,123,="20+12",="10+7",="26+10",-1,13,7,="90+30",="45+30"
"Tom the Stone Troll",495,33,5,70,3,30,Standard,8,-6,-3,-1,5,-1,123,="20+12",="10+7",="26+10",-1,13,7,="90+30",="45+30"
"Cave troll",496,33,0,50,4,21,Standard,8,-6,-3,-1,5,-1,123,="20+12",="10+7",="26+10",-1,13,7,="90+30",="45+30"
"Anti-paladin",497,33,10,0,3,13,Standard,4,-1,3,2,5,2,111,="24+7",="29+10",="37+11",3,15,15,="83+21",="50+18"
"Logrus master",498,33,10,0,4,60,Standard,3,1,0,5,4,2,100,="49+15",="39+11",="39+10",7,35,37,="79+18",="70+18"
"Chaos drake",501,33,5,100,3,15,Dragon,2,0,0,2,1,3,103,="22+7",="28+10",="33+10",1,18,23,="62+14",="68+25"
"Law drake",502,33,5,100,3,15,Dragon,2,0,0,2,1,3,103,="22+7",="28+10",="33+10",1,18,23,="62+14",="68+25"
"Balance drake",503,33,5,100,3,15,Dragon,2,0,0,2,1,3,103,="22+7",="28+10",="33+10",1,18,23,="62+14",="68+25"
"Ishikawa Goemon",505,33,10,0,4,82,Standard,8,-4,-4,0,5,1,124,="19+12",="10+7",="28+10",-1,13,7,="95+30",="60+30"
"Fasolt the Giant",506,33,2,0,3,40,Standard,6,-1,-3,1,4,1,118,="39+15",="29+12",="33+10",3,31,29,="85+21",="71+18"
"Water troll",509,33,0,50,4,16,Standard,8,-6,-3,-1,5,-1,123,="20+12",="10+7",="26+10",-1,13,7,="90+30",="45+30"
"Multi-hued hound",513,33,5,40,4,40,Hound,2,0,-2,4,3,1,112,="43+15",="42+12",="41+10",10,30,30,="60+21",="61+18"
"Master thief",516,34,20,0,4,38,Standard,3,4,-2,6,2,2,108,="49+15",="50+12",="48+10",9,35,38,="70+21",="91+18"
"Jurt the Living Trump",517,34,10,0,4,60,Standard,2,1,1,3,3,2,103,="24+7",="30+10",="35+10",4,21,29,="67+14",="73+25"
"Giant grey scorpion",524,34,10,50,2,5,Scorpion,4,-3,-3,3,4,1,117,="23+12",="23+7",="36+10",6,12,8,="70+30",="50+30"
"Doom drake",527,34,5,100,3,13,Dragon,4,-3,-2,2,2,4,106,="18+7",="15+10",="34+10",1,19,23,="64+14",="73+25"
"Malicious leprechaun",529,35,10,0,2,0,Standard,1,2,-2,6,3,3,74,="49+15",="37+10",="48+10",19,51,46,="80+25",="91+18"
"Dagashi",532,35,10,0,4,28,Standard,5,0,0,4,5,1,115,="29+12",="23+7",="34+10",3,17,15,="85+30",="65+30"
"Leng spider",535,35,10,50,2,6,Spider,0,2,0,6,3,2,101,="60+15",="49+12",="46+10",10,44,39,="50+21",="86+18"
"Olog",538,35,0,50,4,20,Standard,8,-6,-3,-1,5,-1,123,="20+12",="10+7",="26+10",-1,13,7,="90+30",="45+30"
"Halfling slinger",539,35,0,0,2,14,Standard,0,2,0,6,3,2,101,="60+15",="49+12",="46+10",10,44,39,="50+21",="86+18"
"Gravity hound",540,35,0,30,4,45,Hound,2,0,-2,4,3,1,112,="43+15",="42+12",="41+10",10,30,30,="60+21",="61+18"
"Inertia hound",542,35,0,30,4,45,Hound,2,0,-2,4,3,1,112,="43+15",="42+12",="41+10",10,30,30,="60+21",="61+18"
"Impact hound",543,35,0,30,4,45,Hound,2,0,-2,4,3,1,112,="43+15",="42+12",="41+10",10,30,30,="60+21",="61+18"
"Young black dragon",546,35,2,60,3,9,Dragon,2,0,0,2,1,3,103,="22+7",="28+10",="33+10",1,18,23,="62+14",="68+25"
"Mumak",547,35,0,55,3,42,Elephant,5,-2,-2,-1,3,2,111,="25+12",="25+11",="35+12",0,14,12,="70+30",="20+7"
"Giant fire ant",548,35,0,49,2,38,Ant,4,-2,-2,2,2,1,115,="25+12",="18+7",="31+10",1,14,12,="70+30",="55+30"
"Mature white dragon",549,35,5,65,3,17,Dragon,4,-3,-2,2,2,4,106,="18+7",="15+10",="34+10",1,19,23,="64+14",="73+25"
"Xorn",550,36,0,80,4,12,Xorn,5,-3,-2,3,2,-1,112,="23+12",="15+7",="30+10",0,15,10,="80+30",="47+30"
"Rogrog the Black Troll",551,36,10,70,4,49,Standard,9,-6,-3,-4,6,0,118,="20+12",="17+11",="30+12",-2,13,7,="90+30",="10+7"
"Young multi-hued dragon",556,36,3,60,3,21,Dragon,2,0,0,2,1,3,103,="22+7",="28+10",="33+10",1,18,23,="62+14",="68+25"
"Raal's Tome of Destruction",557,36,10,150,0,0,Tome,-3,6,-1,4,-1,-1,94,="34+7",="53+15",="50+11",7,19,34,="44+6",="45+7"
"Young gold dragon",559,36,2,63,3,17,Dragon,2,0,0,2,1,3,103,="22+7",="28+10",="33+10",1,18,23,="62+14",="68+25"
"Mature blue dragon",560,36,5,75,3,19,Dragon,4,-3,-2,2,2,4,106,="18+7",="15+10",="34+10",1,19,23,="64+14",="73+25"
"Mature green dragon",561,36,5,70,3,19,Dragon,4,-3,-2,2,2,4,106,="18+7",="15+10",="34+10",1,19,23,="64+14",="73+25"
"Mature bronze dragon",562,36,5,70,3,19,Dragon,4,-3,-2,2,2,4,106,="18+7",="15+10",="34+10",1,19,23,="64+14",="73+25"
"Young red dragon",563,36,2,63,3,17,Dragon,2,0,0,2,1,3,103,="22+7",="28+10",="33+10",1,18,23,="62+14",="68+25"
"Nightblade",564,36,10,0,3,21,Standard,-1,2,1,5,0,5,97,="50+15",="34+10",="48+10",11,56,44,="65+25",="76+18"
"Ipsissimus",571,36,0,0,2,14,Standard,-1,-3,3,-1,0,2,100,="25+7",="35+11",="40+12",2,16,18,="48+13",="35+11"
"Lord Borel of Hendrake",573,36,10,0,4,68,Standard,2,1,1,3,3,2,103,="24+7",="30+10",="35+10",4,21,29,="67+14",="73+25"
"Fire angel",576,37,10,100,4,56,Dragon,4,-3,-2,2,2,4,106,="18+7",="15+10",="34+10",1,19,23,="64+14",="73+25"
"Chaos butterfly",578,37,10,60,3,54,Standard,2,-1,-1,5,4,2,105,="40+12",="30+7",="41+10",6,26,17,="60+30",="75+30"
"The Queen Ant",581,37,10,100,4,44,Ant,5,-2,-2,-1,3,2,116,="25+12",="25+11",="35+12",0,14,12,="70+30",="20+7"
"Killer iridescent beetle",586,37,0,60,3,12,Beetle,5,0,0,4,5,1,115,="29+12",="23+7",="34+10",3,17,15,="85+30",="65+30"
"Mature red dragon",589,37,5,80,3,20,Dragon,4,-3,-2,2,2,4,106,="18+7",="15+10",="34+10",1,19,23,="64+14",="73+25"
"Mature gold dragon",590,37,5,80,3,20,Dragon,4,-3,-2,2,2,4,106,="18+7",="15+10",="34+10",1,19,23,="64+14",="73+25"
"Crystal drake",591,37,10,100,3,23,Dragon,4,-3,-2,2,2,4,106,="18+7",="15+10",="34+10",1,19,23,="64+14",="73+25"
"Mature black dragon",592,37,5,55,3,19,Dragon,4,-3,-2,2,2,4,106,="18+7",="15+10",="34+10",1,19,23,="64+14",="73+25"
"Mature multi-hued dragon",593,38,7,65,3,23,Dragon,4,-3,-2,2,2,4,106,="18+7",="15+10",="34+10",1,19,23,="64+14",="73+25"
"Sky whale",594,38,0,75,3,90,Fish,-1,6,4,1,-2,0,102,="40+7",="50+10",="45+10",4,23,28,="40+15",="20+11"
"Father Dagon",595,38,10,80,3,76,Standard,-1,-4,2,0,2,1,99,="22+7",="37+11",="39+12",3,15,18,="53+13",="30+11"
"Mother Hydra",596,38,10,80,3,76,Standard,2,1,-1,2,2,0,104,="27+7",="37+10",="35+10",3,17,26,="55+15",="20+11"
"Death knight",597,38,10,0,4,51,Standard,4,-1,3,2,5,2,111,="24+7",="29+10",="37+11",3,15,15,="83+21",="50+18"
"Mandor, Master of the Logrus",598,38,10,0,4,60,Standard,0,2,1,3,-2,5,99,="25+7",="35+10",="44+10",5,26,28,="47+14",="73+25"
"Ancient blue dragon",601,38,10,80,3,58,Dragon,6,0,1,-1,3,5,124,="15+7",="30+10",="33+10",0,19,24,="77+14",="63+25"
"Ancient bronze dragon",602,38,10,100,3,63,Dragon,6,0,1,-1,3,5,124,="15+7",="30+10",="33+10",0,19,24,="77+14",="63+25"
"Beholder",603,38,10,80,4,30,Eye6,-3,6,-1,4,-1,-1,94,="34+7",="53+15",="50+11",7,19,34,="44+6",="45+7"
"Scylla",610,39,15,90,4,80,Hydra5,9,-4,-4,-3,6,2,119,="19+12",="17+11",="32+12",-2,13,7,="95+30",="25+7"
"7-headed hydra",614,39,10,90,4,46,Hydra4,9,-4,-4,-3,6,2,119,="19+12",="17+11",="32+12",-2,13,7,="95+30",="25+7"
"Moire, Queen of Rebma",615,39,10,40,4,60,Standard,2,0,0,2,1,3,103,="22+7",="28+10",="33+10",1,18,23,="62+14",="68+25"
"Kavlax the Many-Headed",616,39,10,85,4,52,Kavlax,4,-3,-2,2,2,4,106,="18+7",="15+10",="34+10",1,19,23,="64+14",="73+25"
"Ancient white dragon",617,39,10,90,3,72,Dragon,6,0,1,-1,3,5,124,="15+7",="30+10",="33+10",0,19,24,="77+14",="63+25"
"Ancient green dragon",618,39,10,85,3,63,Dragon,6,0,1,-1,3,5,124,="15+7",="30+10",="33+10",0,19,24,="77+14",="63+25"
"Chthonian",619,39,10,90,3,40,Chthonian,7,3,2,-1,3,4,116,="25+7",="40+10",="37+10",0,19,24,="75+15",="25+11"
"Eldrak",620,39,0,80,3,21,Standard,8,-6,-3,-1,5,-1,123,="20+12",="10+7",="26+10",-1,13,7,="90+30",="45+30"
"Ettin",621,39,0,80,4,34,Ettin,8,-6,-3,-1,5,-1,123,="20+12",="10+7",="26+10",-1,13,7,="90+30",="45+30"
"Ancient black dragon",624,39,10,90,3,67,Dragon,6,0,1,-1,3,5,124,="15+7",="30+10",="33+10",0,19,24,="77+14",="63+25"
"Malekith the Accursed",628,40,15,0,2,120,Standard,-5,6,2,3,-4,1,92,="35+7",="50+15",="50+11",6,24,32,="29+6",="30+7"
"Morgenstern, Julian's Steed",629,40,20,100,3,46,Horse,5,0,0,4,5,1,115,="29+12",="23+7",="34+10",3,17,15,="85+30",="65+30"
"War troll",631,40,10,100,3,46,Standard,12,-24,-21,1,7,2,171,="-105+0",="-1008+0",="-205+0",-102,-101,-95,="140+50",="-2010+0"
"Lesser titan",634,40,10,0,4,84,Standard,10,-1,0,-3,6,5,122,="20+12",="30+11",="36+12",-2,15,10,="95+30",="20+7"
"9-headed hydra",635,40,10,95,4,40,Hydra5,9,-4,-4,-3,6,2,119,="19+12",="17+11",="32+12",-2,13,7,="95+30",="25+7"
"Enchantress",636,40,20,0,3,23,Standard,0,2,1,3,-2,5,99,="25+7",="35+10",="44+10",5,26,28,="47+14",="73+25"
"Archpriest",637,40,10,0,3,23,Standard,1,-5,5,-3,2,3,103,="27+7",="42+11",="46+12",1,23,18,="63+13",="35+11"
"Sorcerer",638,40,20,0,3,27,Standard,-3,6,-1,4,-1,-1,94,="34+7",="53+15",="50+11",7,19,34,="44+6",="45+7"
"Xaren",639,40,10,80,4,28,Xorn,5,-3,-2,3,2,-1,112,="23+12",="15+7",="30+10",0,15,10,="80+30",="47+30"
"Jubjub bird",640,40,0,70,3,182,Giant Bird,3,1,0,5,4,2,100,="49+15",="39+11",="39+10",7,35,37,="79+18",="70+18"
"Minotaur",641,40,20,0,4,42,Minotaur,5,-2,-2,-1,3,2,111,="25+12",="25+11",="35+12",0,14,12,="70+30",="20+7"
"Jasra, Brand's Mistress",642,40,10,0,4,56,Naga,3,0,-1,1,2,-1,108,="18+7",="22+11",="33+10",0,15,20,="75+20",="32+17"
"Ancient red dragon",644,40,10,100,3,81,Dragon,6,0,1,-1,3,5,129,="15+7",="30+10",="33+10",0,19,24,="77+14",="63+25"
"Ancient gold dragon",645,40,10,100,3,81,Dragon,6,0,1,-1,3,5,124,="15+7",="30+10",="33+10",0,19,24,="77+14",="63+25"
"Great crystal drake",646,40,10,100,3,72,Dragon,6,0,1,-1,3,5,113,="15+7",="30+10",="33+10",0,19,24,="77+14",="63+25"
"Wyrd sister",647,40,15,0,3,23,Standard,-2,0,5,1,-2,5,97,="30+7",="45+11",="52+12",5,24,20,="43+13",="45+11"
"Giganto the Gargantuan",650,38,0,75,3,147,Fish,8,-4,-3,0,5,4,114,="23+12",="15+11",="37+12",-1,15,9,="82+30",="30+7"
"Giant headless",653,41,0,0,3,54,Headless,6,-1,-3,1,4,1,118,="39+15",="29+12",="33+10",3,31,29,="85+21",="71+18"
"Dark elven sorceror",657,41,20,0,3,27,Standard,-5,6,2,3,-4,1,92,="35+7",="50+15",="50+11",6,24,32,="29+6",="30+7"
"Rinaldo, Son of Brand",660,41,10,0,4,110,Standard,2,1,1,3,3,2,103,="24+7",="30+10",="35+10",4,21,29,="67+14",="73+25"
"Greater basilisk",668,42,10,100,4,96,Giant Reptile,7,-4,-3,3,4,3,123,="23+12",="8+7",="33+10",0,15,9,="82+30",="65+30"
"Charybdis",669,49,10,100,3,135,Fish,8,-4,-3,0,5,4,114,="23+12",="15+11",="37+12",-1,15,9,="82+30",="30+7"
"Jack of Shadows",670,42,40,0,4,76,Standard,3,4,-2,6,2,2,97,="49+15",="50+12",="48+10",16,35,38,="70+21",="91+18"
"Mumak",673,43,0,55,3,42,Elephant,5,-2,-2,-1,3,2,111,="25+12",="25+11",="35+12",0,14,12,="70+30",="20+7"
"Ancient multi-hued dragon",675,43,10,100,3,91,Dragon,6,0,1,-1,3,5,124,="15+7",="30+10",="33+10",0,19,24,="77+14",="63+25"
"Death leprechaun",680,44,10,0,3,5,Standard,1,2,-2,6,3,3,84,="49+15",="37+10",="48+10",19,51,46,="80+25",="91+18"
"Utgard-Loke",683,44,10,0,4,312,Standard,10,-1,0,-3,6,5,122,="20+12",="30+11",="36+12",-2,15,10,="95+30",="20+7"
"11-headed hydra",688,44,10,100,4,76,Hydra5,9,-4,-4,-3,6,2,119,="19+12",="17+11",="32+12",-2,13,7,="95+30",="25+7"
"High priest",689,44,10,0,3,23,Standard,-2,0,5,1,-2,5,97,="30+7",="45+11",="52+12",5,24,20,="43+13",="45+11"
"Scatha the Worm",692,44,10,130,4,111,Dragon,6,0,1,-1,3,5,124,="15+7",="30+10",="33+10",0,19,24,="77+14",="63+25"
"Smaug the Golden",697,45,10,100,4,111,Dragon,6,0,1,-1,3,5,124,="15+7",="30+10",="33+10",0,19,24,="77+14",="63+25"
"Ultra-elite paladin",699,45,10,0,2,38,Standard,4,-1,3,2,5,2,111,="24+7",="29+10",="37+11",3,15,15,="83+21",="50+18"
"Greater titan",702,46,10,0,4,220,Standard,10,-1,0,-3,6,5,122,="20+12",="30+11",="36+12",-2,15,10,="95+30",="20+7"
"Dracolisk",703,46,10,120,4,100,Dragon,6,0,1,-1,3,5,124,="15+7",="30+10",="33+10",0,19,24,="77+14",="63+25"
"Ent",708,46,10,120,4,240,Standard,7,-2,0,-4,5,2,116,="20+12",="27+11",="40+12",-1,14,11,="85+30",="15+7"
"Hru",709,56,10,150,4,240,Standard,10,-1,0,-3,6,5,122,="20+12",="30+11",="36+12",-2,15,10,="95+30",="20+7"
"Itangast the Fire Drake",710,47,10,100,4,62,Dragon,6,0,1,-1,3,5,124,="15+7",="30+10",="33+10",0,19,24,="77+14",="63+25"
"Death mold",711,47,30,60,4,99,Mold,8,-4,-4,0,5,1,124,="19+12",="10+7",="28+10",-1,13,7,="95+30",="60+30"
"Fafner the Dragon",712,47,10,100,4,142,Dragon,6,0,1,-1,3,5,124,="15+7",="30+10",="33+10",0,19,24,="77+14",="63+25"
"Fangorn",713,47,10,120,4,336,Standard,7,-2,0,-4,5,2,116,="20+12",="27+11",="40+12",-1,14,11,="85+30",="15+7"
"Glaurung, Father of the Dragons",715,48,10,120,4,210,Dragon,6,0,1,-1,3,5,124,="15+7",="30+10",="33+10",0,19,24,="77+14",="63+25"
"Behemoth",716,64,15,180,4,152,Dragon,9,-1,0,0,5,4,126,="20+12",="23+7",="32+10",-1,15,10,="95+30",="55+30"
"Garm, Guardian of Hel",717,49,10,120,4,210,Hound,8,-4,-3,0,5,4,125,="23+12",="15+11",="37+12",-1,15,9,="82+30",="30+7"
"Maulotaur",723,50,20,50,4,100,Minotaur,5,-2,-2,-1,3,2,111,="25+12",="25+11",="35+12",0,14,12,="70+30",="20+7"
"Nether hound",724,51,10,100,4,45,Hound,2,0,-2,4,3,1,112,="43+15",="42+12",="41+10",10,30,30,="60+21",="61+18"
"Time hound",725,51,15,100,4,45,Hound,2,0,-2,4,3,1,112,="43+15",="42+12",="41+10",10,30,30,="60+21",="61+18"
"Plasma hound",726,51,10,100,4,45,Hound,2,0,-2,4,3,1,112,="43+15",="42+12",="41+10",10,30,30,="60+21",="61+18"
"Great Storm Wyrm",728,58,13,175,4,169,Dragon,7,0,1,-1,4,6,124,="15+7",="30+10",="33+10",0,19,24,="77+14",="63+25"
"Ulik the Troll",729,51,20,120,3,305,Standard,13,-6,-3,0,9,0,131,="20+12",="10+7",="26+10",-1,13,7,="90+30",="45+30"
"Baphomet the Minotaur Lord",730,51,20,120,4,278,Minotaur,10,-1,0,-3,6,5,122,="20+12",="30+11",="36+12",-2,15,10,="95+30",="20+7"
"Hell knight",731,52,10,0,4,90,Standard,4,-1,3,2,5,2,111,="24+7",="29+10",="37+11",3,15,15,="83+21",="50+18"
"Bull Gates",732,52,30,0,4,84,Standard,1,3,-2,5,2,0,104,="55+15",="45+12",="43+10",8,38,37,="52+21",="78+18"
"Santa Claus",733,52,40,0,4,35,Standard,1,4,1,5,-1,4,106,="50+15",="47+12",="48+10",8,40,36,="55+21",="76+18"
"Lord of Chaos",737,60,20,0,4,80,Standard,3,1,0,5,4,2,100,="49+15",="39+11",="39+10",7,35,37,="79+18",="70+18"
"Hound of Tindalos",739,54,10,100,3,32,Hound,2,0,-2,4,3,1,112,="43+15",="42+12",="41+10",10,30,30,="60+21",="61+18"
"Lesser kraken",740,54,10,150,4,416,Kraken,9,-4,-4,-3,6,2,119,="19+12",="17+11",="32+12",-2,13,7,="95+30",="25+7"
"Great Ice Wyrm",741,54,12,170,4,115,Dragon,7,0,1,-1,4,6,124,="15+7",="30+10",="33+10",0,19,24,="77+14",="63+25"
"Shudde M'ell",747,54,15,90,4,166,Chthonian,10,-1,0,-3,6,5,122,="20+12",="30+11",="36+12",-2,15,10,="95+30",="20+7"
"Nidhogg the Hel-Drake",753,55,15,133,4,232,Dragon,7,0,1,-1,4,6,124,="15+7",="30+10",="33+10",0,19,24,="77+14",="63+25"
"The Lernean Hydra",754,55,10,140,4,140,Hydra6,10,-1,0,-3,6,5,122,="20+12",="30+11",="36+12",-2,15,10,="95+30",="20+7"
"Great Hell Wyrm",756,55,12,170,4,115,Dragon,7,0,1,-1,4,6,124,="15+7",="30+10",="33+10",0,19,24,="77+14",="63+25"
"Fundin Bluecloak",762,56,20,0,4,139,Standard,1,-5,5,-3,2,3,103,="27+7",="42+11",="46+12",1,23,18,="63+13",="35+11"
"Dworkin Barimen",763,56,20,0,4,70,Standard,2,1,1,3,3,2,103,="24+7",="30+10",="35+10",4,21,29,="67+14",="73+25"
"Ancalagon the Black",766,58,15,125,4,198,Dragon,8,0,1,-1,5,7,124,="15+7",="30+10",="33+10",0,19,24,="77+14",="63+25"
"Habu the Champion of Chaos",770,59,20,0,3,112,Standard,1,4,1,2,0,4,107,="25+7",="35+11",="46+10",4,22,24,="60+20",="50+17"
"Saruman of Many Colours",771,60,10,0,4,84,Standard,-3,6,-1,4,-1,-1,94,="34+7",="53+15",="50+11",7,19,34,="44+6",="45+7"
"Gandalf the Grey",772,60,10,0,4,84,Standard,-3,6,-1,4,-1,-1,94,="34+7",="53+15",="50+11",7,19,34,="44+6",="45+7"
"Brand, Mad Visionary of Amber",773,60,10,0,4,84,Standard,2,1,1,3,3,2,103,="24+7",="30+10",="35+10",4,21,29,="67+14",="73+25"
"Greater kraken",775,63,10,175,4,480,Kraken,10,-1,0,-3,6,5,122,="20+12",="30+11",="36+12",-2,15,10,="95+30",="20+7"
"Bast, Goddess of Cats",777,62,20,200,4,136,Hound,3,4,-2,6,2,2,108,="49+15",="50+12",="48+10",19,35,38,="70+21",="91+18"
"Jabberwock",778,65,20,125,4,220,Dragon,9,-4,-4,-3,6,2,119,="19+12",="17+11",="32+12",-2,13,7,="95+30",="25+7"
"Chaos hound",779,65,10,100,4,45,Hound,2,0,-2,4,3,1,112,="43+15",="42+12",="41+10",10,30,30,="60+21",="61+18"
"Ultimate beholder",781,66,10,80,4,47,Eye8,3,5,-1,4,1,2,104,="34+7",="48+10",="48+10",6,21,30,="60+15",="50+11"
"Leviathan",782,76,15,180,4,160,Dragon,7,0,1,-1,4,6,124,="15+7",="30+10",="33+10",0,19,24,="77+14",="63+25"
"Great Wyrm of Chaos",783,67,15,170,4,163,Dragon,7,0,1,-1,4,6,124,="15+7",="30+10",="33+10",0,19,24,="77+14",="63+25"
"Great Wyrm of Law",784,67,15,170,4,163,Dragon,7,0,1,-1,4,6,124,="15+7",="30+10",="33+10",0,19,24,="77+14",="63+25"
"Great Wyrm of Balance",785,72,15,170,4,156,Dragon,7,0,1,-1,4,6,124,="15+7",="30+10",="33+10",0,19,24,="77+14",="63+25"
"Shambler",786,67,20,150,4,142,Shambler,9,-1,0,0,5,4,126,="20+12",="23+7",="32+10",-1,15,10,="95+30",="55+30"
"Hypnos, Lord of Sleep",787,67,20,0,4,56,Standard,7,2,1,-2,5,4,122,="15+7",="30+11",="35+10",-1,15,20,="90+20",="40+17"
"Bleys, Master of Manipulation",789,67,20,0,3,128,Standard,3,3,1,5,4,1,110,="49+15",="42+12",="39+10",7,35,37,="75+21",="76+18"
"Great Wyrm of Many Colours",790,68,15,170,4,184,Dragon,7,0,1,-1,4,6,124,="15+7",="30+10",="33+10",0,19,24,="77+14",="63+25"
"Fiona the Sorceress",791,68,20,0,4,128,Standard,-3,5,2,3,1,-2,95,="34+7",="45+15",="41+11",5,19,33,="49+6",="30+7"
"Sky Drake",793,74,20,200,4,228,Dragon,7,0,1,-1,4,6,124,="15+7",="30+10",="33+10",0,19,24,="77+14",="63+25"
"Julian, Master of Arden Forest",794,69,20,0,3,159,Standard,3,2,4,3,4,0,106,="34+8",="42+11",="39+10",5,27,29,="71+18",="82+28"
"Tiamat, Celestial Dragon of Evil",795,70,20,125,4,218,Tiamat,7,0,1,-1,4,6,124,="15+7",="30+10",="33+10",0,19,24,="77+14",="63+25"
"The Norsa",796,70,20,125,4,231,Norsa,7,-1,0,-2,6,5,132,="20+12",="23+7",="33+10",0,17,14,="95+23",="20+15"
"Caine, the Conspirator",799,71,20,0,4,148,Standard,3,3,1,5,4,1,110,="49+15",="42+12",="39+10",7,35,37,="75+21",="76+18"
"Gerard, Strongman of Amber",807,74,20,0,2,240,Standard,6,0,0,1,6,2,122,="29+12",="30+11",="38+12",2,17,15,="85+30",="30+7"
"Ungoliant, the Unlight",808,75,10,160,4,42,Spider,0,2,0,6,3,2,121,="60+15",="49+12",="46+10",10,44,39,="50+21",="86+18"
"Aether hound",811,75,10,100,4,45,Hound,2,0,-2,4,3,1,112,="43+15",="42+12",="41+10",10,30,30,="60+21",="61+18"
"Eric the Usurper",813,76,20,0,3,240,Standard,3,3,1,5,4,1,110,="49+15",="42+12",="39+10",7,35,37,="75+21",="76+18"
"The Mouth of Sauron",818,78,20,0,4,54,Standard,-4,6,0,1,-2,-2,95,="30+7",="40+15",="38+11",3,16,30,="34+6",="20+7"
"Klingsor, Evil Master of Magic",819,78,20,0,4,54,Standard,-3,8,2,3,1,-2,95,="34+7",="45+15",="41+11",5,19,33,="49+6",="30+7"
"Corwin, Lord of Avalon",820,78,20,0,3,240,Standard,3,0,0,2,6,2,120,="29+12",="23+7",="35+10",4,19,19,="85+23",="30+15"
"The Emperor Quylthulg",821,78,20,0,0,0,Quylthulg,-5,0,-2,2,0,26,65,="30+7",="48+18",="75+13",2,12,32,="0+0",="0+0"
"Qlzqqlzuup, the Lord of Flesh",822,92,20,0,0,0,Quylthulg,-5,0,-2,2,0,26,65,="30+7",="48+18",="75+13",2,12,32,="0+0",="0+0"
"Benedict, the Ideal Warrior",824,79,20,100,4,480,Benedict,6,-1,5,4,7,5,116,="24+7",="29+10",="42+11",3,15,15,="163+21",="50+18"
"Hell hound of Julian",829,83,10,80,3,135,Hound,7,-4,-3,3,4,3,118,="23+12",="8+7",="33+10",0,15,9,="82+30",="65+30"
"Godzilla",832,84,20,185,4,196,Giant Reptile,7,-4,-3,3,4,3,141,="23+12",="8+7",="33+10",0,15,9,="82+30",="65+30"
"Ymir the Ice Giant",834,85,20,0,4,108,Standard,10,-1,0,-3,6,5,122,="20+12",="30+11",="36+12",-2,15,10,="95+30",="20+7"
"Loki the Trickster",835,85,20,0,4,144,Standard,7,2,1,1,4,4,121,="40+15",="42+12",="37+10",3,33,32,="85+21",="66+18"
"The Tarrasque",838,84,20,185,4,110,Giant Reptile,7,-4,-3,3,4,3,141,="23+12",="8+7",="33+10",0,15,9,="82+30",="65+30"
"Draugluin, Sire of All Werewolves",840,87,20,90,4,266,Hound,8,-4,-3,0,5,4,114,="23+12",="15+11",="37+12",-1,15,9,="82+30",="30+7"
"Fenris Wolf",846,90,24,90,4,244,Hound,7,-4,-3,3,4,3,118,="23+12",="8+7",="33+10",0,15,9,="82+30",="65+30"
"Great Wyrm of Power",847,90,20,111,4,251,Dragon,8,0,1,-1,5,7,124,="15+7",="30+10",="33+10",0,19,24,="77+14",="63+25"
"Carcharoth, the Jaws of Thirst",850,92,20,110,4,154,Hound,8,-4,-3,0,5,4,125,="23+12",="15+11",="37+12",-1,15,9,="82+30",="30+7"
"Cerberus, Guardian of Hades",853,94,20,160,3,234,Cerberus,8,-4,-3,0,5,4,114,="23+12",="15+11",="37+12",-1,15,9,="82+30",="30+7"
"Jormungand the Midgard Serpent",854,75,20,160,3,347,Jormungand,9,-4,-4,-3,6,2,148,="19+12",="17+11",="32+12",-2,13,7,="95+30",="25+7"
"Oberon, King of Amber",860,99,35,0,4,221,Standard,5,3,1,4,7,3,122,="24+7",="30+11",="37+10",3,17,25,="80+20",="50+17"
"Quantum dot",863,35,0,0,4,20,Mold,-3,0,-3,0,-3,-7,52,="17+5",="22+7",="34+9",4,17,17,="43+13",="15+11"
"Ebony monk",870,36,10,0,4,44,Monk,3,1,3,5,5,1,110,="49+15",="39+11",="39+10",7,35,37,="79+18",="70+18"
"The Yamata-no-Orochi",872,63,13,160,4,169,Hydra5,10,-1,0,-3,6,5,122,="20+12",="30+11",="36+12",-2,15,10,="95+30",="20+7"
"Combat-Echizen "Because it's time"",873,85,60,350,4,138,Standard,1,-1,-1,1,0,2,103,="20+7",="25+10",="32+10",2,18,26,="52+14",="63+25"
"Storm troll",875,51,10,110,4,54,Standard,9,-6,-3,-4,6,0,118,="20+12",="17+11",="30+12",-2,13,7,="90+30",="10+7"
"Bat of Gorgoroth",877,28,10,60,2,7,Giant Bat,3,-2,-2,4,1,0,88,="43+15",="31+11",="35+10",4,33,32,="74+18",="52+18"
"Ohmu",879,60,0,90,1,28,Chthonian,10,-1,0,-3,6,5,122,="20+12",="30+11",="36+12",-2,15,10,="95+30",="20+7"
"Richard Wong, Master of Time",880,81,25,0,4,110,Standard,-2,3,5,1,-3,3,93,="30+7",="45+11",="47+10",5,24,20,="43+13",="30+13"
"Locke, the Superman",881,65,20,0,4,420,Standard,7,0,3,1,5,4,121,="40+15",="39+11",="37+10",3,33,32,="89+18",="60+18"
"Layzark, the Emperor",882,65,20,0,4,72,Standard,-3,4,1,2,-1,-1,95,="32+7",="43+15",="39+11",2,16,27,="44+6",="25+7"
"Mana hound",887,51,15,100,4,81,Hound,2,0,-2,4,3,1,112,="43+15",="42+12",="41+10",10,30,30,="60+21",="61+18"
"Vore",888,44,15,30,2,38,Spider,0,2,0,6,3,2,101,="60+15",="49+12",="46+10",10,44,39,="50+21",="86+18"
"Great Venom Wyrm",890,55,12,170,4,115,Dragon,6,0,1,-1,3,5,124,="15+7",="30+10",="33+10",0,19,24,="77+14",="63+25"
"Gorlim, Betrayer of Barahir",891,41,10,0,4,110,Standard,1,-1,-1,1,0,2,103,="20+7",="25+10",="32+10",2,18,26,="52+14",="63+25"
"Troll king",894,40,10,90,4,102,Standard,9,-6,-3,-4,6,0,118,="20+12",="17+11",="30+12",-2,13,7,="90+30",="10+7"
"Bazooker",896,35,0,0,4,20,Standard,0,-1,-1,3,5,3,110,="40+12",="30+7",="42+10",7,28,21,="60+23",="40+15"
"Fire troll",899,25,0,50,3,13,Standard,8,-6,-3,-1,5,-1,123,="20+12",="10+7",="26+10",-1,13,7,="90+30",="45+30"
"Elf lord",900,25,11,0,3,28,Standard,3,3,1,4,2,1,104,="34+8",="50+11",="48+10",7,27,30,="66+18",="97+28"
"Samurai",901,25,0,0,2,28,Standard,5,-1,-1,3,3,2,115,="27+12",="21+7",="32+10",0,14,9,="80+30",="60+30"
"Small kraken",903,25,0,50,2,34,Small Kraken,5,-2,-2,-1,3,2,111,="25+12",="25+11",="35+12",0,14,12,="70+30",="20+7"
"Ogre warrior",907,21,0,0,2,36,Standard,7,-4,-2,1,5,2,121,="22+12",="13+7",="28+10",-1,13,7,="90+30",="55+30"
"The Icky Queen",909,20,10,0,4,32,Icky,2,1,-1,2,2,0,104,="27+7",="37+10",="35+10",3,17,26,="55+15",="20+11"
"Undead devilfish",913,15,-5,20,0,0,Fish,2,-4,-4,0,0,-4,97,="22+12",="15+7",="29+10",3,14,9,="65+30",="50+30"
"Bullroarer the Hobbit",914,5,10,0,3,7,Standard,0,2,0,6,3,2,101,="60+15",="49+12",="46+10",10,44,39,="50+21",="86+18"
"Mystic",915,33,10,50,4,60,Monk,3,0,-1,4,2,3,100,="47+15",="37+11",="37+10",4,32,31,="74+18",="65+18"
"Master mystic",916,50,20,60,4,79,Monk,3,0,-1,4,2,3,100,="47+15",="37+11",="37+10",4,32,31,="74+18",="65+18"
"Grand master mystic",917,59,20,80,4,100,Monk,3,0,-1,4,2,3,100,="47+15",="37+11",="37+10",4,32,31,="74+18",="65+18"
"Devilfish",918,12,-5,16,0,0,Fish,2,-4,-4,0,0,-4,97,="22+12",="15+7",="29+10",3,14,9,="65+30",="50+30"
"Electric rat",922,24,0,10,3,8,Scrawny,0,-1,-3,1,-1,-4,93,="42+15",="34+12",="34+10",7,32,31,="55+21",="61+18"
"Goomba",924,2,0,0,1,4,Mold,-3,0,-3,0,-3,-7,52,="17+5",="22+7",="34+9",4,17,17,="43+13",="15+11"
"Monkey of Nikko",925,18,0,0,2,16,Standard,4,-2,-2,2,2,1,115,="25+12",="18+7",="31+10",1,14,12,="70+30",="55+30"
"Tsuchinoko",926,30,0,0,4,41,Snake,2,1,-1,3,1,1,110,="45+15",="37+12",="36+10",5,32,34,="60+21",="66+18"
"Mario",927,31,0,0,3,36,Standard,0,2,0,6,3,2,101,="60+15",="49+12",="46+10",10,44,39,="50+21",="86+18"
"King Koopa",928,34,0,120,4,55,Dragon,5,-3,-3,-1,3,2,111,="14+7",="17+10",="29+10",0,17,21,="77+14",="68+25"
"Greater Cyber Wyrm Angel Daemon Lich",929,99,40,200,4,300,GCWADL,3,5,-1,4,1,2,114,="34+7",="48+10",="48+10",6,21,30,="60+15",="50+11"
"Clone of Locke the Superman",930,65,20,0,4,420,Standard,3,0,-1,4,2,3,100,="47+15",="37+11",="37+10",4,32,31,="74+18",="65+18"
"Caldarm the Third",931,79,20,0,4,114,Standard,3,0,2,4,3,2,110,="47+15",="37+11",="37+10",4,32,31,="74+18",="65+18"
"Banor=Rupart",932,71,20,0,4,322,Standard,4,-2,2,1,3,3,111,="22+7",="27+10",="35+11",0,12,9,="78+21",="45+18"
"Banor the Prince Regent",933,71,20,0,4,94,Standard,4,-2,2,1,3,3,111,="22+7",="27+10",="35+11",0,12,9,="78+21",="45+18"
"Rupart the General",934,71,20,0,4,364,Standard,4,-2,2,1,3,3,111,="22+7",="27+10",="35+11",0,12,9,="78+21",="45+18"
"Kenshirou the Fist of the North Star",936,62,13,0,4,390,Monk,7,0,3,1,5,4,121,="40+15",="39+11",="37+10",3,33,32,="89+18",="60+18"
"Lems the Cyborg",937,61,20,160,4,286,Monk,11,-1,0,0,6,4,132,="20+12",="23+7",="32+10",-1,15,10,="95+30",="55+30"
"White knight",938,28,10,0,3,45,Standard,3,-3,1,0,2,2,111,="20+7",="24+10",="34+11",1,12,12,="68+21",="40+18"
"Poor, the Thief",947,25,-5,0,3,99,Standard,-3,-3,-3,-3,-3,-8,80,="12+5",="15+7",="26+9",3,12,9,="43+13",="15+11"
"Rich, the Thief",948,29,20,0,4,20,Standard,3,4,-2,6,2,2,108,="49+15",="50+12",="48+10",9,35,38,="70+21",="91+18"
"Hammer brother",950,22,10,0,3,15,Reptile,2,0,-2,4,3,1,112,="43+15",="42+12",="41+10",10,30,30,="60+21",="61+18"
"Orcish Artillery",954,14,0,0,2,6,Standard,5,-3,-2,3,2,-1,112,="23+12",="15+7",="30+10",0,15,10,="80+30",="47+30"
"Scrawny horse",955,0,0,5,2,3,Horse,2,-4,-4,0,0,-4,97,="22+12",="15+7",="29+10",3,14,9,="65+30",="50+30"
"Horse",956,5,0,30,2,9,Horse,4,-2,-2,2,2,1,115,="25+12",="18+7",="31+10",1,14,12,="70+30",="55+30"
"Unruly horse",957,9,0,30,3,14,Horse,5,-1,-1,3,3,2,115,="27+12",="21+7",="32+10",0,14,9,="80+30",="60+30"
"Botei-Building, the Emperor",963,36,10,0,4,114,Monk,6,-3,-4,1,4,2,108,="39+15",="26+11",="33+10",3,31,29,="89+18",="65+18"
"Luigi",966,31,0,0,3,36,Standard,0,2,0,6,3,2,101,="60+15",="49+12",="46+10",10,44,39,="50+21",="86+18"
"Jaian, the Boss of the Kids",967,29,0,0,4,42,Standard,-2,1,2,-1,-2,4,100,="20+8",="33+13",="34+11",-5,16,30,="34+10",="20+8"
"Bramd the Ice Dragon",968,60,15,150,4,221,Dragon,7,0,1,-1,4,6,124,="15+7",="30+10",="33+10",0,19,24,="77+14",="63+25"
"Eibra the Water Dragon",969,60,15,150,4,221,Dragon,7,0,1,-1,4,6,124,="15+7",="30+10",="33+10",0,19,24,="77+14",="63+25"
"Narse the Black Dragon",970,60,15,150,4,221,Dragon,7,0,1,-1,4,6,124,="15+7",="30+10",="33+10",0,19,24,="77+14",="63+25"
"Mycen the Gold Dragon",971,60,15,150,4,221,Dragon,7,0,1,-1,4,6,124,="15+7",="30+10",="33+10",0,19,24,="77+14",="63+25"
"Shooting Star the Red Dragon",972,60,15,150,4,221,Dragon,7,0,1,-1,4,6,124,="15+7",="30+10",="33+10",0,19,24,="77+14",="63+25"
"Beld, Ruler of Marmo",973,48,15,0,4,256,Standard,5,0,0,4,5,1,115,="29+12",="23+7",="34+10",3,17,15,="85+30",="65+30"
"Ashram, the Ebony Knight",974,40,10,0,4,144,Standard,5,0,0,4,5,1,115,="29+12",="23+7",="34+10",3,17,15,="85+30",="65+30"
"That @$^%& Black Bat",975,33,20,75,4,4,Giant Bat,3,0,-1,4,1,-1,96,="43+15",="34+12",="35+10",4,33,32,="70+21",="58+18"
"Eol, the Dark Elven Smith",976,40,10,0,4,96,Standard,1,4,1,2,0,4,107,="25+7",="35+11",="46+10",4,22,24,="60+20",="50+17"
"Maeglin, Betrayer of Gondolin",977,56,10,0,4,158,Standard,1,4,1,5,-1,4,106,="50+15",="47+12",="48+10",8,40,36,="55+21",="76+18"
"Ar-Pharazon the Golden",978,38,10,0,4,104,Standard,4,-1,3,2,5,2,111,="24+7",="29+10",="37+11",3,15,15,="83+21",="50+18"
"Shuten-douji, King Ogre of Ooe-Mountain",979,47,15,0,4,240,Standard,13,-4,-2,1,9,2,121,="22+12",="13+7",="28+10",-1,13,7,="90+30",="55+30"
"Coatl",980,29,5,0,3,36,Snake,2,0,-2,4,3,0,108,="42+15",="39+12",="35+10",6,31,34,="65+21",="61+18"
"Thunder bird",981,32,10,30,4,51,Giant Bird,2,-1,-2,3,1,2,80,="45+15",="34+11",="36+10",5,32,34,="64+18",="60+18"
"Hibagon",983,14,0,0,3,16,Standard,4,-2,-2,2,2,1,115,="25+12",="18+7",="31+10",1,14,12,="70+30",="55+30"
"Unicorn",985,39,10,100,4,54,Unicorn,2,0,-2,4,3,1,112,="43+15",="42+12",="41+10",10,30,30,="60+21",="61+18"
"Nekomata",986,17,0,32,2,12,Hound,2,0,-2,4,3,1,112,="43+15",="42+12",="41+10",10,30,30,="60+21",="61+18"
"Nine-tailed fox",987,49,10,140,4,96,Hound,2,0,-2,4,3,1,112,="43+15",="42+12",="41+10",10,30,30,="60+21",="61+18"
"Fenghuang",988,76,20,190,4,154,Giant Bird,1,-3,7,0,2,5,103,="25+7",="47+11",="48+12",4,18,19,="58+13",="45+11"
"Kirin",989,76,20,230,4,266,Unicorn,5,-3,5,1,4,5,114,="20+7",="36+10",="42+11",3,14,13,="78+21",="50+18"
"Pegasus",990,34,5,100,4,70,Horse,4,-3,-3,3,4,1,117,="23+12",="23+7",="36+10",6,12,8,="70+30",="50+30"
"Sleipnir, the Odin's Steed",991,51,20,140,4,187,Horse,9,-1,0,0,5,4,126,="20+12",="23+7",="32+10",-1,15,10,="95+30",="55+30"
"Huan, the Hound of Valinor",992,72,20,110,4,130,Hound,7,-4,-3,3,4,3,135,="23+12",="8+7",="33+10",0,15,9,="82+30",="65+30"
"Nar, the Dwarf",996,17,0,0,4,36,Standard,5,-4,3,0,3,2,114,="27+12",="25+7",="38+10",1,23,16,="85+23",="40+18"
"Chiokovo",997,8,0,35,3,7,Bird,4,-2,-2,2,2,1,92,="25+12",="18+7",="31+10",1,14,12,="70+30",="55+30"
"Black Chiokovo",998,25,5,45,3,21,Giant Bird,4,-2,-2,2,2,1,92,="25+12",="18+7",="31+10",1,14,12,="70+30",="55+30"
"Devu Chiokovo",999,43,-5,180,4,247,Giant Bird,5,-1,-1,3,3,2,115,="27+12",="21+7",="32+10",0,14,9,="80+30",="60+30"
"Bahamut, Celestial Dragon of Good",1000,86,20,125,4,218,Dragon,9,0,1,-1,6,8,124,="15+7",="30+10",="33+10",0,19,24,="77+14",="63+25"
"Suke-san, the Mitsukuni's Warder",1001,30,5,0,2,36,Standard,5,0,0,4,5,1,115,="29+12",="23+7",="34+10",3,17,15,="85+30",="65+30"
"Kaku-san, the Mitsukuni's Warder",1002,30,5,0,2,36,Standard,5,0,0,4,5,1,115,="29+12",="23+7",="34+10",3,17,15,="85+30",="65+30"
"Pip, the Braver from Another World",1004,35,0,0,3,36,Standard,-1,-1,-1,-1,-1,-3,95,="15+5",="18+7",="28+9",1,12,12,="48+13",="20+11"
"Ansalom, the Dark Wizard",1005,55,10,0,4,66,Standard,-4,4,0,0,-2,-2,94,="30+7",="40+15",="38+11",3,16,30,="34+6",="20+7"
"High-elven ranger",1006,40,5,0,2,90,Standard,3,3,1,4,2,1,104,="34+8",="50+11",="48+10",7,27,30,="66+18",="97+28"
"Demonologist",1008,36,10,0,3,20,Standard,2,0,-2,1,4,0,109,="17+7",="27+11",="33+10",2,13,22,="70+20",="35+17"
"Rolento",1013,38,40,0,2,40,Standard,1,-1,-1,1,0,2,103,="20+7",="25+10",="32+10",2,18,26,="52+14",="63+25"
"M. Bison",1014,40,10,0,4,120,Standard,2,-1,-2,3,1,2,100,="45+15",="34+11",="36+10",5,32,34,="64+18",="60+18"
"Raou the Conqueror",1018,62,13,0,4,390,Monk,3,0,2,4,3,2,110,="47+15",="37+11",="37+10",4,32,31,="74+18",="65+18"
"Kokuo, Raou's Steed",1019,40,20,100,3,46,Horse,5,0,0,4,5,1,115,="29+12",="23+7",="34+10",3,17,15,="85+30",="65+30"
"Kutar",1020,5,0,0,2,14,Standard,-1,-2,-2,0,1,-3,96,="13+5",="23+7",="33+9",6,10,8,="48+13",="15+11"
"Nami, the Mate",1021,8,10,0,4,10,Standard,2,1,-1,3,1,1,110,="45+15",="37+12",="36+10",5,32,34,="60+21",="66+18"
"Nappa the Saiyan",1022,50,15,0,2,100,Standard,1,-1,-1,1,0,2,103,="20+7",="25+10",="32+10",2,18,26,="52+14",="63+25"
"Grand master thief",1024,46,20,0,4,60,Standard,3,4,-2,6,2,2,108,="49+15",="50+12",="48+10",14,35,38,="70+21",="91+18"
"Old sorcerer",1026,69,20,0,4,108,Standard,-3,4,1,2,-1,-1,95,="32+7",="43+15",="39+11",2,16,27,="44+6",="25+7"
"Red Helm, the King of Bear",1027,25,10,100,4,52,Bear,9,-4,-4,-3,6,2,119,="19+12",="17+11",="32+12",-2,13,7,="95+30",="25+7"
"Mad bear",1028,15,0,35,3,22,Bear,5,-2,-2,-1,3,2,111,="25+12",="25+11",="35+12",0,14,12,="70+30",="20+7"
"Meng Huo, the King of Southerings",1030,18,0,0,4,32,Standard,3,-3,1,0,2,2,111,="20+7",="24+10",="34+11",1,12,12,="68+21",="40+18"
"Wahha-Man the Golden",1031,85,20,200,4,600,Monk,14,-1,0,0,8,7,138,="20+12",="23+7",="32+10",-1,15,10,="95+30",="55+30"
"Madame Debby",1032,51,10,0,0,0,Standard,6,-3,-2,0,3,0,108,="23+12",="22+11",="34+12",-1,15,10,="80+30",="12+7"
"The Defiler",1033,58,10,120,4,198,Beetle,6,-4,-4,-2,6,2,129,="19+12",="10+7",="29+10",0,15,11,="95+23",="25+15"
"The Minotaur of the Labyrinth",1034,35,15,0,4,42,Minotaur,6,-1,-1,0,4,3,111,="27+12",="28+11",="36+12",-1,14,9,="80+30",="25+7"
"Trap master",1036,28,15,0,0,0,Standard,0,2,0,6,3,2,101,="60+15",="49+12",="46+10",10,44,39,="50+21",="86+18"
"Knight templar",1037,52,10,0,4,120,Standard,4,-1,3,2,5,2,111,="24+7",="29+10",="37+11",3,15,15,="83+21",="50+18"
"Paladin",1038,20,0,0,2,24,Standard,3,-3,1,0,2,2,111,="20+7",="24+10",="34+11",1,12,12,="68+21",="40+18"
"Ranger",1039,20,0,0,2,24,Standard,2,0,2,1,1,0,106,="30+8",="37+11",="36+10",3,24,26,="56+18",="72+28"
"Chameleon",1040,20,0,0,0,0,Standard,0,0,0,0,0,0,0,="0+0",="0+0",="0+0",0,0,0,="0+0",="0+0"
"Chameleon Lord",1041,45,0,0,0,0,Standard,0,0,0,0,0,0,0,="0+0",="0+0",="0+0",0,0,0,="0+0",="0+0"
"Narwhal",1042,40,20,100,3,93,Fish,7,-4,-3,3,4,3,118,="23+12",="8+7",="33+10",0,15,9,="82+30",="65+30"
"Petshop",1043,54,10,130,4,200,Giant Bird,3,1,0,5,4,2,100,="49+15",="39+11",="39+10",7,35,37,="79+18",="70+18"
"White crocodile",1044,26,5,40,4,28,Crocodile,7,-4,-3,3,4,3,118,="23+12",="8+7",="33+10",0,15,9,="82+30",="65+30"
"Ulfang the Black",1046,34,10,0,4,60,Standard,3,3,1,5,4,1,110,="49+15",="42+12",="39+10",7,35,37,="75+21",="76+18"
"Topaz monk",1047,35,10,0,4,49,Monk,2,-1,-2,3,1,2,100,="45+15",="34+11",="36+10",5,32,34,="64+18",="60+18"
"Stone dragon",1048,45,0,170,4,164,Dragon,13,-19,-18,2,7,7,154,="-105+0",="-995+0",="-199+0",-102,-99,-92,="145+50",="-2000+0"
"Steel dragon",1049,55,10,200,4,205,Dragon,13,-19,-18,2,7,7,176,="-105+0",="-995+0",="-199+0",-102,-99,-92,="145+50",="-2000+0"
"Atlas, the Titan",1050,76,15,0,4,312,Standard,15,-1,0,-3,8,6,122,="20+12",="30+11",="36+12",-2,15,10,="95+30",="20+7"
"Kronos, Lord of the Titans",1051,87,15,0,4,312,Standard,10,-1,0,-3,6,5,122,="20+12",="30+11",="36+12",-2,15,10,="95+30",="20+7"
"Novice mindcrafter",1053,4,0,0,1,5,Standard,-1,0,3,-1,-1,2,100,="30+10",="33+11",="38+10",3,22,26,="50+14",="40+18"
"Novice mindcrafter",1054,8,0,0,1,3,Standard,-1,0,3,-1,-1,2,100,="30+10",="33+11",="38+10",3,22,26,="50+14",="40+18"
"Mindcrafter",1055,22,0,0,2,14,Standard,0,2,5,1,2,2,100,="34+10",="38+11",="41+10",5,25,29,="65+14",="50+18"
"Master mindcrafter",1056,40,10,0,3,45,Standard,0,2,5,1,2,2,100,="34+10",="38+11",="41+10",5,25,29,="65+14",="50+18"
"Ogrillon",1057,16,0,0,2,22,Standard,7,-4,-2,1,5,2,121,="22+12",="13+7",="28+10",-1,13,7,="90+30",="55+30"
"Barney the Dinosaur",1061,29,10,90,4,0,Reptile,2,1,-1,3,1,1,110,="45+15",="37+12",="36+10",5,32,34,="60+21",="66+18"
"Groo the Wanderer",1062,33,10,0,4,82,Standard,4,-2,-2,2,2,1,115,="25+12",="18+7",="31+10",1,14,12,="70+30",="55+30"
"Lousy, the King of Louses",1063,9,20,0,4,12,Standard,-1,-1,-1,-1,-1,-3,95,="15+5",="18+7",="28+9",1,12,12,="48+13",="20+11"
"Great Wyrm of Space-Time",1064,72,20,170,4,163,Dragon,7,0,1,-1,4,6,124,="15+7",="30+10",="33+10",0,19,24,="77+14",="63+25"
"Great Bile Wyrm",1066,54,12,150,4,142,Dragon,7,0,1,-1,4,6,124,="15+7",="30+10",="33+10",0,19,24,="77+14",="63+25"
"Tanuki",1067,24,10,5,2,6,Horse,4,-2,-2,2,2,1,115,="25+12",="18+7",="31+10",1,14,12,="70+30",="55+30"
"Dionysus, the Munchkin of Chaos",1068,55,44,0,3,54,Standard,3,4,-2,6,2,2,108,="49+15",="50+12",="48+10",9,35,38,="70+21",="91+18"
"Walken",1069,55,15,0,3,234,Standard,6,-1,-1,0,4,3,111,="27+12",="28+11",="36+12",-1,14,9,="80+30",="25+7"
"Trench Wurm",1070,15,5,50,3,18,Giant Worm,5,-1,-1,3,3,2,115,="27+12",="21+7",="32+10",0,14,9,="80+30",="60+30"
"Radiant Kavu",1071,15,5,60,3,18,Horse,3,-3,1,0,2,2,111,="20+7",="24+10",="34+11",1,12,12,="68+21",="40+18"
"Mauhur, the Orc Captain",1072,12,0,0,4,22,Standard,5,-3,-2,3,2,-1,112,="23+12",="15+7",="30+10",0,15,10,="80+30",="47+30"
"Meng You, the Brother of Meng Huo",1073,12,0,0,4,32,Standard,4,-2,-2,2,2,1,115,="25+12",="18+7",="31+10",1,14,12,="70+30",="55+30"
"Lady Zhurong, the Avatar of Flame Spirit",1074,14,5,0,3,20,Standard,2,2,0,1,0,1,106,="30+7",="35+10",="36+10",2,18,26,="50+15",="25+11"
"Dailai Dongzhu, Captain of Southerings",1075,10,0,0,4,20,Standard,3,-3,1,0,2,2,111,="20+7",="24+10",="34+11",1,12,12,="68+21",="40+18"
"King Duosi, the Chief of Southerings",1076,11,0,0,3,15,Standard,-1,-3,3,-1,0,2,100,="25+7",="35+11",="40+12",2,16,18,="48+13",="35+11"
"King Mulu, the Chief of Southerings",1077,16,0,0,4,30,Standard,1,-1,-1,1,0,2,103,="20+7",="25+10",="32+10",2,18,26,="52+14",="63+25"
"Wutugu, the Chief of Southerings",1078,17,0,0,2,42,Standard,8,-4,-4,0,5,1,124,="19+12",="10+7",="28+10",-1,13,7,="95+30",="60+30"
"Invisible Pink Unicorn",1079,67,30,123,4,154,Unicorn,5,-3,5,1,4,5,114,="20+7",="36+10",="42+11",3,14,13,="78+21",="50+18"
"Death Beast",1082,45,10,100,3,98,Hound,2,0,-2,4,3,1,112,="43+15",="42+12",="41+10",10,30,30,="60+21",="61+18"
"Ultimate Magus",1083,79,20,0,1,1,Standard,-7,7,4,1,-4,-3,92,="40+7",="55+15",="47+11",5,21,32,="24+6",="15+7"
"Time Initiate",1091,15,6,0,3,6,Standard,-1,0,3,-1,-1,0,96,="25+7",="35+11",="35+10",2,16,18,="48+13",="20+13"
"Chronomage",1092,40,20,0,3,33,Standard,0,1,4,0,0,1,96,="27+7",="38+11",="36+10",1,16,15,="58+13",="25+13"
"Temporal Champion",1093,60,40,0,4,120,Standard,0,2,5,1,2,0,96,="29+7",="40+11",="38+10",4,19,21,="63+13",="30+13"
"The Variant Maintainer",1094,14,10,0,2,6,Standard,2,0,-2,4,3,0,108,="42+15",="39+12",="35+10",6,31,34,="65+21",="61+18"
"Orc digger",1108,19,0,0,2,12,Standard,5,-3,-2,3,2,-1,112,="23+12",="15+7",="30+10",0,15,10,="80+30",="47+30"
"Exploding ant",1109,36,5,49,0,0,Ant,4,-2,-2,2,2,1,115,="25+12",="18+7",="31+10",1,14,12,="70+30",="55+30"
"Arthur Pendragon",1111,32,10,0,4,54,Standard,4,-1,3,2,5,2,111,="24+7",="29+10",="37+11",3,15,15,="83+21",="50+18"
"Sir Lancelot",1112,30,15,0,2,50,Standard,4,-1,3,2,5,2,111,="24+7",="29+10",="37+11",3,15,15,="83+21",="50+18"
"Sir Gawain",1113,29,12,0,1,49,Standard,4,-2,2,1,3,3,111,="22+7",="27+10",="35+11",0,12,9,="78+21",="45+18"
"Sir Galahad",1114,28,14,0,3,41,Standard,4,-2,2,1,3,3,111,="22+7",="27+10",="35+11",0,12,9,="78+21",="45+18"
"Sir Gareth",1115,28,10,0,3,46,Standard,4,-2,2,1,3,3,111,="22+7",="27+10",="35+11",0,12,9,="78+21",="45+18"
"Sir Kay",1116,22,7,0,3,36,Standard,3,-3,1,0,2,2,111,="20+7",="24+10",="34+11",1,12,12,="68+21",="40+18"
"Camelot Knight",1117,26,10,0,3,41,Standard,4,-2,2,1,3,3,111,="22+7",="27+10",="35+11",0,12,9,="78+21",="45+18"
"Morgana Le Fay",1118,35,12,0,4,22,Standard,-3,4,1,2,-1,-1,95,="32+7",="43+15",="39+11",2,16,27,="44+6",="25+7"
"Mordred",1119,32,12,0,3,54,Standard,-4,3,0,1,-2,-2,95,="30+7",="40+15",="38+11",3,16,30,="34+6",="20+7"
"Fearmaster",1120,29,10,0,2,36,Standard,1,-1,-1,1,0,2,103,="20+7",="25+10",="32+10",2,18,26,="52+14",="63+25"
"Grand Fearlord",1121,65,25,0,4,176,Standard,2,0,0,2,1,3,103,="22+7",="28+10",="33+10",1,18,23,="62+14",="68+25"
"Rock giant",1124,40,5,100,4,180,Standard,9,-4,-4,-3,6,2,119,="19+12",="17+11",="32+12",-2,13,7,="95+30",="25+7"
"Ice giant",1125,50,15,0,4,93,Standard,10,-1,0,-3,6,5,122,="20+12",="30+11",="36+12",-2,15,10,="95+30",="20+7"
"Elder fire giant",1126,50,15,0,4,128,Standard,10,-1,0,-3,6,5,122,="20+12",="30+11",="36+12",-2,15,10,="95+30",="20+7"
"Elder storm giant",1128,56,15,0,4,224,Standard,10,-1,0,-3,6,5,122,="20+12",="30+11",="36+12",-2,15,10,="95+30",="20+7"
"The Multi-hued Centipede",1132,30,20,100,4,23,Centipede6,5,-2,-2,-1,3,2,111,="25+12",="25+11",="35+12",0,14,12,="70+30",="20+7"


<color:s>Automatically generated for PosChengband 4.0.0.</color>
